Estado,Sector,Media_Aprobada_Ramo_Estatal,Total_Aprobado_Ramo_Estatal,Pct_Participacion_Aprobado_Local,Media_Pagada_Ramo_Estatal,Total_Pagado_Ramo_Estatal,Pct_Participacion_Pagado_Local
Aguascalientes,Instituto Mexicano del Seguro Social,55895130.11,21463729962.0,31.45,12889328.54,4949502158.7,29.17
Aguascalientes,Aportaciones Federales para Entidades Federativas y Municipios,213009305.71,14697642094.0,21.53,63607344.5,4388906770.8,25.86
Aguascalientes,Participaciones a Entidades Federativas y Municipios,3175706380.8,15878531904.0,23.26,800749691.6,4003748458.0,23.59
Aguascalientes,Instituto de Seguridad y Servicios Sociales de los Trabajadores del Estado,25078359.58,9003131088.0,13.19,5221671.77,1874580164.0,11.05
Aguascalientes,Información Nacional Estadística y Geográfica,11987831.68,4243692413.0,6.22,1914029.43,677566418.8,3.99
Aguascalientes,Educación Pública,32252688.79,1515876373.0,2.22,14319949.87,673037643.9,3.97
Aguascalientes,Comisión Federal de Electricidad,2538953.97,370687280.0,0.54,1216154.08,177558496.0,1.05
Aguascalientes,"Ciencia, Humanidades, Tecnología e Innovación",3329552.22,296330148.0,0.43,651395.47,57974196.5,0.34
Aguascalientes,Servicios de Salud del Instituto Mexicano del Seguro Social para el Bienestar,2358672.38,91988223.0,0.13,885589.9,34538006.0,0.2
Aguascalientes,Petróleos Mexicanos,1968556.28,104333483.0,0.15,522360.87,27685126.0,0.16
Aguascalientes,Agricultura y Desarrollo Rural,1777482.1,108426408.0,0.16,443457.43,27050903.4,0.16
Aguascalientes,Instituto Nacional Electoral,247593.22,108941016.0,0.16,47466.08,20885074.8,0.12
Aguascalientes,Medio Ambiente y Recursos Naturales,421414.06,128531289.0,0.19,60787.21,18540098.4,0.11
Aguascalientes,"Infraestructura, Comunicaciones y Transportes",418472.0,63189272.0,0.09,77498.19,11702226.1,0.07
Aguascalientes,Tribunal Federal de Justicia Administrativa,647926.22,35635942.0,0.05,124210.6,6831583.1,0.04
Aguascalientes,Fiscalía General de la República,578491.94,27767613.0,0.04,96893.61,4650893.4,0.03
Aguascalientes,Economía,210548.76,9685243.0,0.01,81533.15,3750525.1,0.02
Aguascalientes,Bienestar,422780.19,19870669.0,0.03,76003.45,3572162.1,0.02
Aguascalientes,Poder Judicial,466330.48,26114507.0,0.04,53240.04,2981442.5,0.02
Aguascalientes,Trabajo y Previsión Social,144159.85,4901435.0,0.01,52103.56,1771521.1,0.01
Aguascalientes,"Desarrollo Agrario, Territorial y Urbano",45692.03,4112283.0,0.01,17631.9,1586870.7,0.01
Aguascalientes,Gobernación,0.0,0.0,0.0,36632.35,952441.2,0.01
Aguascalientes,Tribunales Agrarios,434560.3,24769937.0,0.04,11497.49,655356.7,0.0
Aguascalientes,Salud,60567.64,1514191.0,0.0,1719.88,42997.0,0.0
Aguascalientes,Comisión Nacional de los Derechos Humanos,0.0,0.0,0.0,5040.7,5040.7,0.0
Aguascalientes,Cultura,794068.5,1588137.0,0.0,0.0,0.0,0.0
Aguascalientes,Mujeres,3726543.33,22359260.0,0.03,0.0,0.0,0.0
Aguascalientes,Seguridad y Protección Ciudadana,0.0,0.0,0.0,0.0,0.0,0.0
Baja California,Instituto Mexicano del Seguro Social,120694973.84,55881772887.0,30.57,29844882.95,13818180804.3,32.06
Baja California,Participaciones a Entidades Federativas y Municipios,9018296547.0,45091482735.0,24.67,2398429589.8,11992147949.0,27.82
Baja California,Aportaciones Federales para Entidades Federativas y Municipios,354443025.59,24456568766.0,13.38,108052456.51,7455619499.1,17.3
Baja California,Comisión Federal de Electricidad,72687235.63,25585906943.0,14.0,8534663.52,3004201560.0,6.97
Baja California,Instituto de Seguridad y Servicios Sociales de los Trabajadores del Estado,27450884.38,11254862594.0,6.16,6514939.39,2671125148.0,6.2
Baja California,Educación Pública,66344687.27,3250889676.0,1.78,31693601.52,1552986474.4,3.6
Baja California,Servicios de Salud del Instituto Mexicano del Seguro Social para el Bienestar,19543444.44,1758910000.0,0.96,9624921.73,866242955.6,2.01
Baja California,Defensa Nacional,32776958.82,1835509694.0,1.0,11886869.26,665664678.7,1.54
Baja California,"Ciencia, Humanidades, Tecnología e Innovación",4194814.98,1707289695.0,0.93,1116622.85,454465501.6,1.05
Baja California,Marina,1995294.29,842014189.0,0.46,442761.92,186845528.5,0.43
Baja California,Petróleos Mexicanos,8418202.17,530346737.0,0.29,2003924.51,126247244.0,0.29
Baja California,Instituto Nacional Electoral,501718.28,250357422.0,0.14,97006.36,48406174.1,0.11
Baja California,Gobernación,0.0,0.0,0.0,1139636.61,47864737.8,0.11
Baja California,Medio Ambiente y Recursos Naturales,13241672.61,4568377051.0,2.5,138617.25,47822952.0,0.11
Baja California,Información Nacional Estadística y Geográfica,2313614.75,201284483.0,0.11,382374.48,33266579.4,0.08
Baja California,"Infraestructura, Comunicaciones y Transportes",549730.58,79161204.0,0.04,202417.72,29148151.7,0.07
Baja California,Agricultura y Desarrollo Rural,1825347.06,113171518.0,0.06,328691.1,20378848.1,0.05
Baja California,Cultura,1524228.47,103647536.0,0.06,266647.65,18132040.2,0.04
Baja California,Tribunal Federal de Justicia Administrativa,992154.64,83340990.0,0.05,184099.68,15464373.5,0.04
Baja California,Poder Judicial,1656824.45,99409467.0,0.05,178257.24,10695434.3,0.02
Baja California,Fiscalía General de la República,1717966.53,87616293.0,0.05,187309.95,9552807.3,0.02
Baja California,Tribunales Agrarios,167787.03,18288786.0,0.01,39669.3,4323953.4,0.01
Baja California,Bienestar,346931.37,15958843.0,0.01,88545.34,4073085.6,0.01
Baja California,Economía,265421.25,11678535.0,0.01,88210.12,3881245.3,0.01
Baja California,Trabajo y Previsión Social,205351.88,8214075.0,0.0,72792.66,2911706.4,0.01
Baja California,Entidades no Sectorizadas,54594.1,2620517.0,0.0,52341.83,2512408.0,0.01
Baja California,"Desarrollo Agrario, Territorial y Urbano",35241.84,3136524.0,0.0,26945.36,2398137.3,0.01
Baja California,Hacienda y Crédito Público,0.0,0.0,0.0,2112497.0,2112497.0,0.0
Baja California,Comisión Nacional de los Derechos Humanos,752932.0,15811572.0,0.01,95494.92,2005393.4,0.0
Baja California,Mujeres,3515224.5,21091347.0,0.01,0.0,0.0,0.0
Baja California,Provisiones Salariales y Económicas,4889471114.0,4889471114.0,2.68,0.0,0.0,0.0
Baja California,Salud,6079.63,48637.0,0.0,0.0,0.0,0.0
Baja California,Seguridad y Protección Ciudadana,0.0,0.0,0.0,0.0,0.0,0.0
Baja California,Turismo,6227939.0,12455878.0,0.01,0.0,0.0,0.0
Baja California Sur,Instituto Mexicano del Seguro Social,40885732.95,13369634675.0,23.23,9525244.29,3114754883.9,23.59
Baja California Sur,Participaciones a Entidades Federativas y Municipios,2261487723.4,11307438617.0,19.64,610559318.6,3052796593.0,23.12
Baja California Sur,Aportaciones Federales para Entidades Federativas y Municipios,126439154.34,8597862495.0,14.94,40001471.96,2720100093.0,20.6
Baja California Sur,Instituto de Seguridad y Servicios Sociales de los Trabajadores del Estado,20138606.82,7491561736.0,13.02,5045292.75,1876848903.0,14.21
Baja California Sur,Comisión Federal de Electricidad,50523484.38,12075112767.0,20.98,3333443.19,796692923.0,6.03
Baja California Sur,Educación Pública,24151150.64,1086801779.0,1.89,11383488.39,512256977.5,3.88
Baja California Sur,Servicios de Salud del Instituto Mexicano del Seguro Social para el Bienestar,7876180.91,669475377.0,1.16,4631678.86,393692702.9,2.98
Baja California Sur,Marina,4351474.49,1509961648.0,2.62,991202.23,343947173.8,2.6
Baja California Sur,"Ciencia, Humanidades, Tecnología e Innovación",3764938.02,719103162.0,1.25,916563.53,175063634.7,1.33
Baja California Sur,Medio Ambiente y Recursos Naturales,426661.71,147198290.0,0.26,245080.83,84552884.8,0.64
Baja California Sur,"Infraestructura, Comunicaciones y Transportes",494392.93,77619690.0,0.13,215665.42,33859470.6,0.26
Baja California Sur,Petróleos Mexicanos,1706157.13,76777071.0,0.13,521410.58,23463476.0,0.18
Baja California Sur,Información Nacional Estadística y Geográfica,1542772.92,131135698.0,0.23,271715.52,23095819.6,0.17
Baja California Sur,Instituto Nacional Electoral,191105.56,91921774.0,0.16,38011.12,18283349.1,0.14
Baja California Sur,Agricultura y Desarrollo Rural,1489596.71,75969432.0,0.13,217642.33,11099759.0,0.08
Baja California Sur,Bienestar,312093.65,14980495.0,0.03,97984.07,4703235.4,0.04
Baja California Sur,Fiscalía General de la República,670084.7,35514489.0,0.06,86792.71,4600013.7,0.03
Baja California Sur,Economía,193146.04,8691572.0,0.02,80583.26,3626246.9,0.03
Baja California Sur,"Desarrollo Agrario, Territorial y Urbano",64646.61,4913142.0,0.01,32501.52,2470115.6,0.02
Baja California Sur,Poder Judicial,359591.26,20856293.0,0.04,37137.64,2153983.2,0.02
Baja California Sur,Tribunales Agrarios,91436.22,9875112.0,0.02,19821.52,2140724.5,0.02
Baja California Sur,Trabajo y Previsión Social,132528.0,4373424.0,0.01,63550.41,2097163.4,0.02
Baja California Sur,Turismo,474366.45,10436062.0,0.02,74467.95,1638294.8,0.01
Baja California Sur,Gobernación,0.0,0.0,0.0,55337.07,1272752.6,0.01
Baja California Sur,Comisión Nacional de los Derechos Humanos,0.0,0.0,0.0,4690.2,4690.2,0.0
Baja California Sur,Cultura,529379.0,1588137.0,0.0,0.0,0.0,0.0
Baja California Sur,Mujeres,4104680.8,20523404.0,0.04,0.0,0.0,0.0
Baja California Sur,Salud,3806.56,34259.0,0.0,0.0,0.0,0.0
Baja California Sur,Seguridad y Protección Ciudadana,0.0,0.0,0.0,0.0,0.0,0.0
Campeche,Petróleos Mexicanos,172194353.16,61128995372.0,58.18,30774943.26,10925104859.0,48.2
Campeche,Aportaciones Federales para Entidades Federativas y Municipios,145912919.44,9922078522.0,9.44,43714152.61,2972562377.4,13.11
Campeche,Participaciones a Entidades Federativas y Municipios,2106011456.6,10530057283.0,10.02,470614410.6,2353072053.0,10.38
Campeche,Instituto Mexicano del Seguro Social,30052581.31,9105932137.0,8.67,6852707.11,2076370253.8,9.16
Campeche,Instituto de Seguridad y Servicios Sociales de los Trabajadores del Estado,17806754.09,6036489636.0,5.75,3860814.95,1308816267.0,5.77
Campeche,Comisión Federal de Electricidad,16229712.16,3359550418.0,3.2,4042050.11,836704373.0,3.69
Campeche,Educación Pública,37642534.06,1882126703.0,1.79,16149893.9,807494695.1,3.56
Campeche,Servicios de Salud del Instituto Mexicano del Seguro Social para el Bienestar,13766037.47,1032452810.0,0.98,9517677.61,713825820.9,3.15
Campeche,Marina,2521959.49,1205496637.0,1.15,665359.25,318041722.2,1.4
Campeche,Provisiones Salariales y Económicas,0.0,0.0,0.0,100101002.8,100101002.8,0.44
Campeche,Medio Ambiente y Recursos Naturales,566566.7,183001043.0,0.17,274196.77,88565558.3,0.39
Campeche,"Infraestructura, Comunicaciones y Transportes",499085.75,76859206.0,0.07,255732.32,39382777.8,0.17
Campeche,"Ciencia, Humanidades, Tecnología e Innovación",34065213.0,68130426.0,0.06,16650968.6,33301937.2,0.15
Campeche,Información Nacional Estadística y Geográfica,1704577.08,144889052.0,0.14,313647.19,26660010.8,0.12
Campeche,Agricultura y Desarrollo Rural,1617990.41,121349281.0,0.12,249917.3,18743797.2,0.08
Campeche,Instituto Nacional Electoral,202412.86,85620638.0,0.08,42004.14,17767750.1,0.08
Campeche,Bienestar,446945.88,18324781.0,0.02,142655.26,5848865.8,0.03
Campeche,Fiscalía General de la República,566901.95,37415529.0,0.04,80473.55,5311254.3,0.02
Campeche,Entidades no Sectorizadas,51709.83,2688911.0,0.0,98300.35,5111618.4,0.02
Campeche,Poder Judicial,515426.03,30925562.0,0.03,59487.34,3569240.4,0.02
Campeche,"Desarrollo Agrario, Territorial y Urbano",46541.63,4095663.0,0.0,38281.46,3368768.4,0.01
Campeche,Economía,215191.14,9038028.0,0.01,74204.15,3116574.2,0.01
Campeche,Trabajo y Previsión Social,152787.76,6264298.0,0.01,70517.14,2891202.8,0.01
Campeche,Gobernación,0.0,0.0,0.0,54913.92,1537589.8,0.01
Campeche,Tribunales Agrarios,73054.68,6867140.0,0.01,12955.73,1217838.8,0.01
Campeche,Cultura,794068.5,1588137.0,0.0,0.0,0.0,0.0
Campeche,Defensa Nacional,0.0,0.0,0.0,0.0,0.0,0.0
Campeche,Mujeres,3850437.17,23102623.0,0.02,0.0,0.0,0.0
Campeche,Salud,4075834.2,40758342.0,0.04,0.0,0.0,0.0
Campeche,Seguridad y Protección Ciudadana,0.0,0.0,0.0,0.0,0.0,0.0
Chiapas,Aportaciones Federales para Entidades Federativas y Municipios,984961104.7,68947277329.0,37.09,293493471.24,20544542986.6,36.63
Chiapas,Participaciones a Entidades Federativas y Municipios,11048614073.0,55243070365.0,29.72,2872736002.0,14363680010.0,25.61
Chiapas,Servicios de Salud del Instituto Mexicano del Seguro Social para el Bienestar,39500124.55,5648517811.0,3.04,33584085.73,4802524258.8,8.56
Chiapas,Instituto de Seguridad y Servicios Sociales de los Trabajadores del Estado,35574143.43,12415376056.0,6.68,12426314.86,4336783885.0,7.73
Chiapas,Instituto Mexicano del Seguro Social,51184919.64,19399084542.0,10.44,11403796.13,4322038733.9,7.71
Chiapas,Educación Pública,81861980.92,4174961027.0,2.25,68499713.82,3493485405.0,6.23
Chiapas,Petróleos Mexicanos,45158383.56,7812400356.0,4.2,7483746.17,1294688087.0,2.31
Chiapas,Comisión Federal de Electricidad,19756981.1,4682404521.0,2.52,4946014.29,1172205387.0,2.09
Chiapas,Defensa Nacional,53279004.6,2930345253.0,1.58,13564651.56,746055835.8,1.33
Chiapas,Marina,4715895.09,1909937510.0,1.03,775262.18,313981183.1,0.56
Chiapas,"Ciencia, Humanidades, Tecnología e Innovación",4183888.04,690341527.0,0.37,1265300.5,208774582.7,0.37
Chiapas,Agricultura y Desarrollo Rural,5399445.87,453553453.0,0.24,1362599.87,114458389.4,0.2
Chiapas,Gobernación,0.0,0.0,0.0,2056068.77,78130613.3,0.14
Chiapas,Instituto Nacional Electoral,545773.0,295263194.0,0.16,108883.71,58906087.5,0.11
Chiapas,Medio Ambiente y Recursos Naturales,1300157.93,462856223.0,0.25,140247.79,49928212.5,0.09
Chiapas,Entidades no Sectorizadas,184580.88,9044463.0,0.0,1018316.25,49897496.4,0.09
Chiapas,Información Nacional Estadística y Geográfica,1888870.47,164331731.0,0.09,397293.32,34564519.1,0.06
Chiapas,"Infraestructura, Comunicaciones y Transportes",554476.98,89825270.0,0.05,164610.96,26666975.6,0.05
Chiapas,Provisiones Salariales y Económicas,0.0,0.0,0.0,25352071.7,25352071.7,0.05
Chiapas,Fiscalía General de la República,1246845.09,67329635.0,0.04,172195.42,9298552.8,0.02
Chiapas,Bienestar,556265.32,26144470.0,0.01,153422.53,7210859.0,0.01
Chiapas,Tribunal Federal de Justicia Administrativa,646336.87,34255854.0,0.02,129621.17,6869921.8,0.01
Chiapas,"Desarrollo Agrario, Territorial y Urbano",85112.13,7319643.0,0.0,53912.28,4636456.5,0.01
Chiapas,Tribunales Agrarios,188754.36,20574225.0,0.01,41706.49,4546007.0,0.01
Chiapas,Poder Judicial,852671.33,52012951.0,0.03,73232.4,4467176.7,0.01
Chiapas,Trabajo y Previsión Social,150958.46,5585463.0,0.0,104642.9,3871787.3,0.01
Chiapas,Comisión Nacional de los Derechos Humanos,875198.76,18379174.0,0.01,146129.45,3068718.5,0.01
Chiapas,Economía,247170.39,11369838.0,0.01,53702.25,2470303.3,0.0
Chiapas,Cultura,397034.25,1588137.0,0.0,0.0,0.0,0.0
Chiapas,Mujeres,4487217.83,26923307.0,0.01,0.0,0.0,0.0
Chiapas,Salud,32620489.44,293584405.0,0.16,0.0,0.0,0.0
Chiapas,Seguridad y Protección Ciudadana,0.0,0.0,0.0,0.0,0.0,0.0
Chihuahua,Instituto Mexicano del Seguro Social,146989834.62,62470679715.0,36.5,35216257.18,14966909300.3,32.69
Chihuahua,Participaciones a Entidades Federativas y Municipios,9047358670.0,45236793350.0,26.43,2258514164.0,11292570820.0,24.66
Chihuahua,Aportaciones Federales para Entidades Federativas y Municipios,428755679.07,30870408893.0,18.03,134410442.14,9677551834.2,21.14
Chihuahua,Comisión Federal de Electricidad,51870833.19,15613120791.0,9.12,13146632.95,3957136519.0,8.64
Chihuahua,Instituto de Seguridad y Servicios Sociales de los Trabajadores del Estado,24171428.66,10659600039.0,6.23,7743336.82,3414811537.0,7.46
Chihuahua,Educación Pública,85860859.0,3863738655.0,2.26,41026845.98,1846208069.2,4.03
Chihuahua,"Ciencia, Humanidades, Tecnología e Innovación",3587318.74,627780779.0,0.37,1123771.09,196659940.9,0.43
Chihuahua,Petróleos Mexicanos,6218847.86,491288981.0,0.29,1287708.67,101728985.0,0.22
Chihuahua,Medio Ambiente y Recursos Naturales,826956.6,294396551.0,0.17,131511.42,46818065.8,0.1
Chihuahua,Instituto Nacional Electoral,503464.33,226558947.0,0.13,95371.66,42917244.8,0.09
Chihuahua,Agricultura y Desarrollo Rural,3037002.1,215627149.0,0.13,545603.31,38737835.2,0.08
Chihuahua,Información Nacional Estadística y Geográfica,2380745.42,219028579.0,0.13,411304.15,37839981.6,0.08
Chihuahua,"Infraestructura, Comunicaciones y Transportes",412584.92,68489097.0,0.04,219651.95,36462222.9,0.08
Chihuahua,Servicios de Salud del Instituto Mexicano del Seguro Social para el Bienestar,1435857.61,58870162.0,0.03,883638.71,36229187.3,0.08
Chihuahua,Entidades no Sectorizadas,123004.37,5289188.0,0.0,821172.07,35310398.9,0.08
Chihuahua,Gobernación,0.0,0.0,0.0,478822.65,21068196.8,0.05
Chihuahua,Fiscalía General de la República,1447844.08,69496516.0,0.04,234440.76,11253156.5,0.02
Chihuahua,Tribunal Federal de Justicia Administrativa,574425.8,36763251.0,0.02,110859.54,7095010.5,0.02
Chihuahua,Bienestar,375232.88,18011178.0,0.01,113435.43,5444900.7,0.01
Chihuahua,Trabajo y Previsión Social,203045.28,7309630.0,0.0,93253.41,3357122.9,0.01
Chihuahua,Poder Judicial,841429.16,53010037.0,0.03,51438.97,3240655.3,0.01
Chihuahua,Economía,266470.33,14655868.0,0.01,52893.79,2909158.3,0.01
Chihuahua,"Desarrollo Agrario, Territorial y Urbano",34627.21,3289585.0,0.0,25604.69,2432445.3,0.01
Chihuahua,Tribunales Agrarios,96538.74,10426184.0,0.01,18710.96,2020783.7,0.0
Chihuahua,Comisión Nacional de los Derechos Humanos,504440.18,11097684.0,0.01,64009.57,1408210.5,0.0
Chihuahua,Cultura,529379.0,1588137.0,0.0,0.0,0.0,0.0
Chihuahua,Mujeres,4546274.83,27277649.0,0.02,0.0,0.0,0.0
Chihuahua,Salud,10663.1,106631.0,0.0,0.0,0.0,0.0
Chihuahua,Seguridad y Protección Ciudadana,0.0,0.0,0.0,0.0,0.0,0.0
Ciudad de México,Aportaciones a Seguridad Social,55054239051.57,1541518693444.0,31.48,16259200522.86,455257614640.2,37.63
Ciudad de México,Bienestar,809322969.6,653932959439.0,13.35,253628726.27,204932010828.4,16.94
Ciudad de México,Petróleos Mexicanos,804638128.0,334729461250.0,6.84,181368878.72,75449453547.0,6.24
Ciudad de México,Instituto Mexicano del Seguro Social,446425299.61,312051284425.0,6.37,89026020.34,62229188220.7,5.14
Ciudad de México,Energía,112973427.76,266617289503.0,5.44,24968998.09,58926835484.0,4.87
Ciudad de México,Comisión Federal de Electricidad,284310910.57,203566611966.0,4.16,66855906.54,47868829084.0,3.96
Ciudad de México,Instituto de Seguridad y Servicios Sociales de los Trabajadores del Estado,172573859.27,185689472571.0,3.79,43255830.88,46543274025.0,3.85
Ciudad de México,Educación Pública,85391794.42,358560144752.0,7.32,11054359.14,46417254011.6,3.84
Ciudad de México,Participaciones a Entidades Federativas y Municipios,28596223805.0,142981119025.0,2.92,7281887324.6,36409436623.0,3.01
Ciudad de México,Provisiones Salariales y Económicas,6766535475.0,155630315925.0,3.18,1477916770.28,33992085716.5,2.81
Ciudad de México,Defensa Nacional,78486702.83,108547110012.0,2.22,16378348.06,22651255365.3,1.87
Ciudad de México,Servicios de Salud del Instituto Mexicano del Seguro Social para el Bienestar,174537807.98,46776132538.0,0.96,79573426.84,21325678391.9,1.76
Ciudad de México,"Previsiones y Aportaciones para los Sistemas de Educación Básica, Normal, Tecnológica y de Adultos",321443052.99,85182409042.0,1.74,44477542.81,11786548844.4,0.97
Ciudad de México,Poder Judicial,144759110.45,67457745472.0,1.38,25277585.99,11779355070.9,0.97
Ciudad de México,Salud,8765087.41,56946772879.0,1.16,1341174.61,8713611469.2,0.72
Ciudad de México,Seguridad y Protección Ciudadana,39061307.29,57654489560.0,1.18,5727270.27,8453450915.0,0.7
Ciudad de México,Trabajo y Previsión Social,23382118.23,28245598820.0,0.58,6901826.92,8337406925.2,0.69
Ciudad de México,Hacienda y Crédito Público,6744445.91,26775450278.0,0.55,1720203.18,6829206607.8,0.56
Ciudad de México,Marina,9279569.94,17649742020.0,0.36,3063891.98,5827522553.9,0.48
Ciudad de México,Aportaciones Federales para Entidades Federativas y Municipios,410186309.83,18868570252.0,0.39,119913288.39,5516011266.0,0.46
Ciudad de México,Poder Legislativo,49101054.62,17529076499.0,0.36,10035532.8,3582685209.5,0.3
Ciudad de México,Fiscalía General de la República,7951707.62,18487720209.0,0.38,1447663.85,3365818451.0,0.28
Ciudad de México,Instituto Nacional Electoral,7254456.6,14603221145.0,0.3,1609046.17,3239009938.5,0.27
Ciudad de México,"Ciencia, Humanidades, Tecnología e Innovación",14839631.47,16872660978.0,0.34,2811642.46,3196837480.2,0.26
Ciudad de México,Medio Ambiente y Recursos Naturales,3780983.92,12027309856.0,0.25,924338.59,2940321052.9,0.24
Ciudad de México,Cultura,5860925.12,14769531296.0,0.3,1051845.1,2650649652.5,0.22
Ciudad de México,"Infraestructura, Comunicaciones y Transportes",58668357.36,91405300763.0,1.87,1332991.74,2076801138.1,0.17
Ciudad de México,Gobernación,4651402.22,9023720303.0,0.18,1063801.09,2063774123.8,0.17
Ciudad de México,Agricultura y Desarrollo Rural,3658320.81,6200853779.0,0.13,1028903.51,1743991452.2,0.14
Ciudad de México,Entidades no Sectorizadas,4850740.83,4603353048.0,0.09,1232269.15,1169423425.7,0.1
Ciudad de México,Agencia de Transformación Digital y Telecomunicaciones,7465344.78,3852117905.0,0.08,1686835.46,870407096.3,0.07
Ciudad de México,Relaciones Exteriores,1635272.71,2333534153.0,0.05,448714.26,640315248.5,0.05
Ciudad de México,"Desarrollo Agrario, Territorial y Urbano",2328635.98,2682588652.0,0.05,512903.15,590864428.9,0.05
Ciudad de México,Economía,966498.65,2694598242.0,0.06,197039.96,549347404.5,0.05
Ciudad de México,Anticorrupción y Buen Gobierno,1467215.33,1743051816.0,0.04,372822.74,442913412.8,0.04
Ciudad de México,Tribunal Federal de Justicia Administrativa,8248227.51,1946581693.0,0.04,1417468.06,334522462.3,0.03
Ciudad de México,Información Nacional Estadística y Geográfica,4544847.86,1508889488.0,0.03,872301.84,289604211.4,0.02
Ciudad de México,Turismo,898810.7,1418323278.0,0.03,178499.45,281672136.4,0.02
Ciudad de México,Comisión Nacional de los Derechos Humanos,2048454.72,1653102957.0,0.03,281998.37,227572684.3,0.02
Ciudad de México,Oficina de la Presidencia de la República,2117607.43,800455608.0,0.02,268689.8,101564746.1,0.01
Ciudad de México,Tribunales Agrarios,993988.28,277322729.0,0.01,270359.01,75430164.6,0.01
Ciudad de México,Mujeres,5608600.85,953462144.0,0.02,286789.56,48754225.1,0.0
Ciudad de México,Consejería Jurídica del Ejecutivo Federal,627645.07,153145398.0,0.0,157655.93,38468047.5,0.0
Coahuila,Instituto Mexicano del Seguro Social,133722853.0,61378789529.0,39.76,31753235.59,14574735134.9,36.42
Coahuila,Participaciones a Entidades Federativas y Municipios,7030320471.8,35151602359.0,22.77,1821401226.2,9107006131.0,22.76
Coahuila,Aportaciones Federales para Entidades Federativas y Municipios,342034867.27,24968545311.0,16.18,94386316.86,6890201130.9,17.22
Coahuila,Instituto de Seguridad y Servicios Sociales de los Trabajadores del Estado,31422594.77,11280711521.0,7.31,10191196.8,3658639650.0,9.14
Coahuila,Comisión Federal de Electricidad,50749959.84,13956238955.0,9.04,10390842.35,2857481647.0,7.14
Coahuila,Educación Pública,19765351.06,4071662319.0,2.64,8474624.77,1745772703.0,4.36
Coahuila,Defensa Nacional,19365386.08,987634690.0,0.64,10542763.35,537680930.6,1.34
Coahuila,"Ciencia, Humanidades, Tecnología e Innovación",4755476.14,594434517.0,0.39,1337064.82,167133102.0,0.42
Coahuila,Instituto Nacional Electoral,663729.16,373679518.0,0.24,191972.75,108080656.2,0.27
Coahuila,Servicios de Salud del Instituto Mexicano del Seguro Social para el Bienestar,4328744.85,173149794.0,0.11,1975391.02,79015641.0,0.2
Coahuila,Petróleos Mexicanos,5640129.6,321487387.0,0.21,1146491.67,65350025.0,0.16
Coahuila,Medio Ambiente y Recursos Naturales,901174.12,289276891.0,0.19,193655.95,62163560.5,0.16
Coahuila,Información Nacional Estadística y Geográfica,2081708.06,206089098.0,0.13,393243.75,38931130.9,0.1
Coahuila,Agricultura y Desarrollo Rural,1160133.9,193742362.0,0.13,176636.38,29498275.6,0.07
Coahuila,"Infraestructura, Comunicaciones y Transportes",499042.88,77850689.0,0.05,160360.96,25016309.6,0.06
Coahuila,Tribunal Federal de Justicia Administrativa,674027.77,103126249.0,0.07,125414.42,19188405.9,0.05
Coahuila,Provisiones Salariales y Económicas,0.0,0.0,0.0,15159161.2,15159161.2,0.04
Coahuila,Poder Judicial,1626562.52,97593751.0,0.06,154327.42,9259645.4,0.02
Coahuila,Fiscalía General de la República,1029935.94,54586605.0,0.04,164976.68,8743764.1,0.02
Coahuila,Gobernación,0.0,0.0,0.0,193257.14,6764000.0,0.02
Coahuila,Trabajo y Previsión Social,338567.72,12188438.0,0.01,104719.41,3769898.9,0.01
Coahuila,"Desarrollo Agrario, Territorial y Urbano",21254.92,1849178.0,0.0,39817.22,3464098.4,0.01
Coahuila,Tribunales Agrarios,132538.72,14446720.0,0.01,30573.92,3332556.8,0.01
Coahuila,Bienestar,297268.28,11890731.0,0.01,55637.72,2225508.9,0.01
Coahuila,Economía,230891.31,10390109.0,0.01,48526.52,2183693.2,0.01
Coahuila,Comisión Nacional de los Derechos Humanos,549775.15,10995503.0,0.01,57053.58,1141071.6,0.0
Coahuila,Cultura,397034.25,1588137.0,0.0,0.0,0.0,0.0
Coahuila,Mujeres,3543065.5,21258393.0,0.01,0.0,0.0,0.0
Coahuila,Salud,3168.88,25351.0,0.0,0.0,0.0,0.0
Coahuila,Seguridad y Protección Ciudadana,0.0,0.0,0.0,0.0,0.0,0.0
Colima,Comisión Federal de Electricidad,30189206.48,5796327645.0,13.02,20083692.0,3856068864.0,26.03
Colima,Instituto Mexicano del Seguro Social,32922136.64,12642100469.0,28.39,7402155.7,2842427788.2,19.19
Colima,Participaciones a Entidades Federativas y Municipios,1694268084.2,8471340421.0,19.02,471074219.0,2355371095.0,15.9
Colima,Aportaciones Federales para Entidades Federativas y Municipios,105764677.22,7297762728.0,16.39,33062900.67,2281340146.3,15.4
Colima,Instituto de Seguridad y Servicios Sociales de los Trabajadores del Estado,13705870.88,5057466355.0,11.36,3178022.18,1172690185.0,7.92
Colima,Educación Pública,45693720.74,2147604875.0,4.82,19563848.01,919500856.4,6.21
Colima,Servicios de Salud del Instituto Mexicano del Seguro Social para el Bienestar,10690731.11,801804833.0,1.8,7910975.39,593323154.5,4.0
Colima,Marina,2838371.81,1342549867.0,3.01,763168.39,360978646.8,2.44
Colima,Medio Ambiente y Recursos Naturales,404080.62,131326202.0,0.29,677443.77,220169224.1,1.49
Colima,"Ciencia, Humanidades, Tecnología e Innovación",58941767.5,117883535.0,0.26,25279100.95,50558201.9,0.34
Colima,Petróleos Mexicanos,3512723.43,186174342.0,0.42,786382.23,41678258.0,0.28
Colima,Agricultura y Desarrollo Rural,1279669.55,140763650.0,0.32,317080.4,34878844.4,0.24
Colima,"Infraestructura, Comunicaciones y Transportes",387606.57,65505511.0,0.15,151709.11,25638838.8,0.17
Colima,Información Nacional Estadística y Geográfica,1643535.84,129839331.0,0.29,270961.48,21405956.9,0.14
Colima,Instituto Nacional Electoral,194930.92,81286193.0,0.18,39126.84,16315892.4,0.11
Colima,Bienestar,407724.14,17532138.0,0.04,126794.14,5452148.2,0.04
Colima,Fiscalía General de la República,652150.64,29346779.0,0.07,96924.68,4361610.5,0.03
Colima,"Desarrollo Agrario, Territorial y Urbano",48518.92,4366703.0,0.01,33408.0,3006720.2,0.02
Colima,Economía,242801.73,11654483.0,0.03,58784.04,2821633.7,0.02
Colima,Tribunales Agrarios,108648.6,11842697.0,0.03,25208.06,2747678.6,0.02
Colima,Trabajo y Previsión Social,126510.78,4048345.0,0.01,65243.59,2087795.0,0.01
Colima,Poder Judicial,458210.07,24743344.0,0.06,27840.83,1503404.6,0.01
Colima,Gobernación,0.0,0.0,0.0,16887.18,371518.0,0.0
Colima,Cultura,397034.25,1588137.0,0.0,0.0,0.0,0.0
Colima,Mujeres,3424848.67,20549092.0,0.05,0.0,0.0,0.0
Colima,Salud,1522.5,12180.0,0.0,0.0,0.0,0.0
Colima,Seguridad y Protección Ciudadana,0.0,0.0,0.0,0.0,0.0,0.0
Durango,Aportaciones Federales para Entidades Federativas y Municipios,280737800.99,19932383870.0,21.8,81597285.48,5793407269.3,25.35
Durango,Participaciones a Entidades Federativas y Municipios,4106828023.2,20534140116.0,22.46,1099095103.4,5495475517.0,24.05
Durango,Instituto Mexicano del Seguro Social,50821015.52,19515269958.0,21.34,11879095.19,4561572553.9,19.96
Durango,Instituto de Seguridad y Servicios Sociales de los Trabajadores del Estado,24563349.48,9137566008.0,9.99,6741588.8,2507871034.0,10.98
Durango,Comisión Federal de Electricidad,70684289.86,16469439537.0,18.01,9707136.08,2261762707.0,9.9
Durango,Educación Pública,59953612.27,2637958940.0,2.89,30731310.93,1352177680.7,5.92
Durango,Medio Ambiente y Recursos Naturales,5575769.96,1851155628.0,2.02,1546066.0,513293911.9,2.25
Durango,Agricultura y Desarrollo Rural,2646891.94,299098789.0,0.33,685456.44,77456577.5,0.34
Durango,Servicios de Salud del Instituto Mexicano del Seguro Social para el Bienestar,4127339.0,160966221.0,0.18,1504109.26,58660261.2,0.26
Durango,"Ciencia, Humanidades, Tecnología e Innovación",69187909.0,138375818.0,0.15,27009328.5,54018657.0,0.24
Durango,Información Nacional Estadística y Geográfica,2754900.61,258960657.0,0.28,518366.99,48726497.4,0.21
Durango,Petróleos Mexicanos,2667967.26,144070232.0,0.16,669296.02,36141985.0,0.16
Durango,Instituto Nacional Electoral,296850.36,129723608.0,0.14,59148.96,25848096.1,0.11
Durango,"Infraestructura, Comunicaciones y Transportes",461182.27,67793794.0,0.07,150318.77,22096859.0,0.1
Durango,Entidades no Sectorizadas,58970.15,3951000.0,0.0,199616.49,13374304.5,0.06
Durango,Fiscalía General de la República,888087.9,46180571.0,0.05,137850.48,7168225.0,0.03
Durango,Bienestar,601867.41,23472829.0,0.03,169997.95,6629920.2,0.03
Durango,"Desarrollo Agrario, Territorial y Urbano",24488.4,2228444.0,0.0,32610.09,2967518.1,0.01
Durango,Gobernación,0.0,0.0,0.0,84941.8,2803079.3,0.01
Durango,Trabajo y Previsión Social,155055.32,5271881.0,0.01,73817.49,2509794.6,0.01
Durango,Tribunales Agrarios,83027.24,8883915.0,0.01,19489.68,2085395.6,0.01
Durango,Poder Judicial,524989.61,29924408.0,0.03,33504.39,1909750.1,0.01
Durango,Economía,179032.24,8056451.0,0.01,40162.94,1807332.2,0.01
Durango,Cultura,794068.5,1588137.0,0.0,0.0,0.0,0.0
Durango,Mujeres,4336491.5,26018949.0,0.03,0.0,0.0,0.0
Durango,Salud,1887.71,13214.0,0.0,0.0,0.0,0.0
Durango,Seguridad y Protección Ciudadana,0.0,0.0,0.0,0.0,0.0,0.0
En El Extranjero,Relaciones Exteriores,27842546.15,6960636537.0,85.48,23970936.55,5992734137.5,93.43
En El Extranjero,"Ciencia, Humanidades, Tecnología e Innovación",207868743.5,831474974.0,10.21,84393129.88,337572519.5,5.26
En El Extranjero,Marina,6603796.21,310378422.0,3.81,1606451.26,75503209.4,1.18
En El Extranjero,Economía,3661663.82,40278302.0,0.49,752892.56,8281818.2,0.13
Estado de México,Participaciones a Entidades Federativas y Municipios,38924642444.4,194623212222.0,36.97,9704944050.8,48524720254.0,34.5
Estado de México,Instituto Mexicano del Seguro Social,330614248.25,158033610665.0,30.02,76936368.99,36775584375.4,26.15
Estado de México,Aportaciones Federales para Entidades Federativas y Municipios,1407510992.76,98525769493.0,18.72,431458565.94,30202099615.7,21.48
Estado de México,Instituto de Seguridad y Servicios Sociales de los Trabajadores del Estado,55616868.46,23081000409.0,4.38,18515131.85,7683779716.0,5.46
Estado de México,Servicios de Salud del Instituto Mexicano del Seguro Social para el Bienestar,63454363.45,9835426335.0,1.87,34945543.4,5416559226.8,3.85
Estado de México,Educación Pública,52643557.54,7370098056.0,1.4,38210296.23,5349441472.6,3.8
Estado de México,Agricultura y Desarrollo Rural,8859578.6,6963628783.0,1.32,2331521.22,1832575680.7,1.3
Estado de México,Defensa Nacional,60316397.79,11158533591.0,2.12,9281390.52,1717057246.9,1.22
Estado de México,"Infraestructura, Comunicaciones y Transportes",28629806.47,5038845938.0,0.96,6319085.27,1112159007.9,0.79
Estado de México,Comisión Federal de Electricidad,20602779.86,5150694964.0,0.98,3037588.76,759397191.0,0.54
Estado de México,"Ciencia, Humanidades, Tecnología e Innovación",226564476.4,1132822382.0,0.22,74199313.22,370996566.1,0.26
Estado de México,Petróleos Mexicanos,9735212.78,661994469.0,0.13,3215146.88,218629988.0,0.16
Estado de México,Marina,7515556.62,676400096.0,0.13,1987144.06,178842965.3,0.13
Estado de México,Instituto Nacional Electoral,1704114.57,848649058.0,0.16,325483.37,162090720.6,0.12
Estado de México,Energía,10346315.67,496623152.0,0.09,2186567.44,104955237.0,0.07
Estado de México,Información Nacional Estadística y Geográfica,4409894.46,405710290.0,0.08,799567.84,73560240.9,0.05
Estado de México,Medio Ambiente y Recursos Naturales,5459423.38,1763393753.0,0.33,129838.24,41937750.9,0.03
Estado de México,Poder Judicial,1966208.81,249708519.0,0.05,219177.52,27835545.4,0.02
Estado de México,Tribunal Federal de Justicia Administrativa,876811.1,126260798.0,0.02,161996.35,23327474.5,0.02
Estado de México,Fiscalía General de la República,2322004.14,97524174.0,0.02,444324.82,18661642.5,0.01
Estado de México,Economía,1196827.58,57447724.0,0.01,257208.19,12345993.3,0.01
Estado de México,Tribunales Agrarios,419584.72,45734735.0,0.01,98125.16,10695642.6,0.01
Estado de México,Trabajo y Previsión Social,500592.91,17020159.0,0.0,232003.85,7888130.9,0.01
Estado de México,Entidades no Sectorizadas,48212.18,2169548.0,0.0,97014.27,4365642.2,0.0
Estado de México,Bienestar,369953.4,16647903.0,0.0,90228.44,4060279.8,0.0
Estado de México,"Desarrollo Agrario, Territorial y Urbano",48977.23,4456928.0,0.0,30880.65,2810138.9,0.0
Estado de México,Gobernación,0.0,0.0,0.0,60622.76,1636814.6,0.0
Estado de México,Agencia de Transformación Digital y Telecomunicaciones,0.0,0.0,0.0,0.0,0.0,0.0
Estado de México,Cultura,397034.25,1588137.0,0.0,0.0,0.0,0.0
Estado de México,Mujeres,4063467.5,24380805.0,0.0,0.0,0.0,0.0
Estado de México,Salud,22572.7,225727.0,0.0,0.0,0.0,0.0
Estado de México,Seguridad y Protección Ciudadana,0.0,0.0,0.0,0.0,0.0,0.0
Guanajuato,Participaciones a Entidades Federativas y Municipios,13187300708.0,65936503540.0,30.0,3446656153.2,17233280766.0,30.09
Guanajuato,Instituto Mexicano del Seguro Social,153637551.88,54541330916.0,24.82,36319451.28,12893405206.0,22.51
Guanajuato,Aportaciones Federales para Entidades Federativas y Municipios,593643889.0,42148716119.0,19.18,154447337.4,10965760955.1,19.14
Guanajuato,Instituto de Seguridad y Servicios Sociales de los Trabajadores del Estado,35141071.62,13669876859.0,6.22,9611140.29,3738733572.0,6.53
Guanajuato,"Infraestructura, Comunicaciones y Transportes",58418432.79,9405367679.0,4.28,23033025.31,3708317075.4,6.47
Guanajuato,Petróleos Mexicanos,55697706.86,8967330805.0,4.08,15533918.86,2500960936.0,4.37
Guanajuato,Educación Pública,78016463.98,3744790271.0,1.7,50678538.69,2432569856.9,4.25
Guanajuato,Comisión Federal de Electricidad,58883941.44,14838753243.0,6.75,8667336.39,2184168770.0,3.81
Guanajuato,Defensa Nacional,45955571.22,2665423131.0,1.21,8853591.97,513508334.1,0.9
Guanajuato,Servicios de Salud del Instituto Mexicano del Seguro Social para el Bienestar,7230237.04,939930815.0,0.43,2985269.17,388084992.3,0.68
Guanajuato,"Ciencia, Humanidades, Tecnología e Innovación",3841530.82,1317645070.0,0.6,919289.37,315316252.6,0.55
Guanajuato,Agricultura y Desarrollo Rural,6729370.24,417220955.0,0.19,2324885.08,144142875.0,0.25
Guanajuato,Cultura,317627.4,1588137.0,0.0,14249800.0,71249000.0,0.12
Guanajuato,Instituto Nacional Electoral,708984.5,345275453.0,0.16,138773.45,67582668.0,0.12
Guanajuato,Medio Ambiente y Recursos Naturales,1139262.25,353171297.0,0.16,109216.21,33857026.6,0.06
Guanajuato,Información Nacional Estadística y Geográfica,2030324.53,188820181.0,0.09,358794.81,33367917.0,0.06
Guanajuato,Tribunal Federal de Justicia Administrativa,654410.65,71985172.0,0.03,132461.2,14570732.3,0.03
Guanajuato,Fiscalía General de la República,1054061.85,57973402.0,0.03,158325.77,8707917.5,0.02
Guanajuato,Poder Judicial,1147770.97,75752884.0,0.03,107435.31,7090730.3,0.01
Guanajuato,Bienestar,454575.31,19092163.0,0.01,129858.96,5454076.3,0.01
Guanajuato,Tribunales Agrarios,196896.91,21264866.0,0.01,45765.5,4942674.1,0.01
Guanajuato,Trabajo y Previsión Social,235030.23,7050907.0,0.0,125337.94,3760138.1,0.01
Guanajuato,Gobernación,0.0,0.0,0.0,111316.36,3673440.0,0.01
Guanajuato,Economía,293771.81,13807275.0,0.01,57323.83,2694219.9,0.0
Guanajuato,"Desarrollo Agrario, Territorial y Urbano",26547.71,2468937.0,0.0,25364.16,2358866.6,0.0
Guanajuato,Entidades no Sectorizadas,11881.46,439614.0,0.0,1743.23,64499.5,0.0
Guanajuato,Salud,60242.78,1626555.0,0.0,647.04,17470.0,0.0
Guanajuato,Mujeres,3436927.5,20621565.0,0.01,0.0,0.0,0.0
Guanajuato,Seguridad y Protección Ciudadana,0.0,0.0,0.0,0.0,0.0,0.0
Guerrero,Aportaciones Federales para Entidades Federativas y Municipios,716848590.2,49462552724.0,34.17,221598170.89,15290273791.7,36.64
Guerrero,Participaciones a Entidades Federativas y Municipios,6714628293.4,33573141467.0,23.19,1733527067.2,8667635336.0,20.77
Guerrero,Instituto de Seguridad y Servicios Sociales de los Trabajadores del Estado,35692817.02,13349113567.0,9.22,11305235.43,4228158050.0,10.13
Guerrero,Instituto Mexicano del Seguro Social,39777156.52,16706405738.0,11.54,8942461.17,3755833690.6,9.0
Guerrero,Comisión Federal de Electricidad,71636968.41,19843440249.0,13.71,12422389.64,3441001931.0,8.25
Guerrero,Servicios de Salud del Instituto Mexicano del Seguro Social para el Bienestar,50715275.58,4361513700.0,3.01,31057679.97,2670960477.6,6.4
Guerrero,Educación Pública,65906071.62,3493021796.0,2.41,46396302.09,2459004010.7,5.89
Guerrero,Defensa Nacional,10732014.8,686848947.0,0.47,6088703.37,389677015.5,0.93
Guerrero,Marina,3088364.85,1355792171.0,0.94,730148.23,320535073.6,0.77
Guerrero,Agricultura y Desarrollo Rural,1694119.99,418447637.0,0.29,401940.95,99279414.1,0.24
Guerrero,"Ciencia, Humanidades, Tecnología e Innovación",69472298.5,138944597.0,0.1,47779989.15,95559978.3,0.23
Guerrero,Medio Ambiente y Recursos Naturales,908227.65,322420815.0,0.22,156181.2,55444326.5,0.13
Guerrero,"Infraestructura, Comunicaciones y Transportes",517230.39,82756862.0,0.06,341342.43,54614788.5,0.13
Guerrero,Instituto Nacional Electoral,437491.46,222245660.0,0.15,88427.94,44921395.3,0.11
Guerrero,Información Nacional Estadística y Geográfica,1967294.17,184925652.0,0.13,380463.8,35763596.8,0.09
Guerrero,Petróleos Mexicanos,3260739.24,146733266.0,0.1,786567.02,35395516.0,0.08
Guerrero,Entidades no Sectorizadas,94355.56,5850045.0,0.0,468951.39,29074985.9,0.07
Guerrero,Turismo,2490392.44,156894724.0,0.11,174981.01,11023803.4,0.03
Guerrero,Tribunal Federal de Justicia Administrativa,923166.62,41542498.0,0.03,155653.09,7004389.1,0.02
Guerrero,Tribunales Agrarios,361490.39,39763943.0,0.03,62090.73,6829980.2,0.02
Guerrero,Fiscalía General de la República,931131.96,49349994.0,0.03,125504.55,6651740.9,0.02
Guerrero,Bienestar,437550.18,19689758.0,0.01,122496.36,5512336.0,0.01
Guerrero,Poder Judicial,751733.03,55628244.0,0.04,63357.33,4688442.4,0.01
Guerrero,Trabajo y Previsión Social,218254.32,7420647.0,0.01,126614.18,4304882.0,0.01
Guerrero,"Desarrollo Agrario, Territorial y Urbano",41415.99,3893103.0,0.0,30222.49,2840913.7,0.01
Guerrero,Economía,264275.3,11628113.0,0.01,58860.85,2589877.3,0.01
Guerrero,Comisión Nacional de los Derechos Humanos,448893.86,9426771.0,0.01,71136.96,1493876.2,0.0
Guerrero,Gobernación,0.0,0.0,0.0,36730.84,1065194.5,0.0
Guerrero,Salud,104309.7,3442220.0,0.0,1617.19,53367.4,0.0
Guerrero,Cultura,794068.5,1588137.0,0.0,0.0,0.0,0.0
Guerrero,Mujeres,3407046.83,20442281.0,0.01,0.0,0.0,0.0
Guerrero,Seguridad y Protección Ciudadana,0.0,0.0,0.0,0.0,0.0,0.0
Hidalgo,Aportaciones Federales para Entidades Federativas y Municipios,469943799.47,31956178364.0,25.13,145292727.39,9879905462.4,25.77
Hidalgo,Participaciones a Entidades Federativas y Municipios,5989997657.0,29949988285.0,23.55,1593902466.6,7969512333.0,20.78
Hidalgo,Instituto Mexicano del Seguro Social,69101320.75,24738272827.0,19.45,15317527.08,5483674693.8,14.3
Hidalgo,Petróleos Mexicanos,60695463.66,9165015013.0,7.21,30722469.23,4639092853.0,12.1
Hidalgo,Instituto de Seguridad y Servicios Sociales de los Trabajadores del Estado,31683753.98,11944775252.0,9.39,8987532.14,3388299618.0,8.84
Hidalgo,Educación Pública,70846594.65,3471483138.0,2.73,39621598.42,1941458322.4,5.06
Hidalgo,Medio Ambiente y Recursos Naturales,9991187.0,3367030019.0,2.65,5222804.16,1760085003.0,4.59
Hidalgo,Comisión Federal de Electricidad,37547129.7,8710934090.0,6.85,7278185.23,1688538974.0,4.4
Hidalgo,Servicios de Salud del Instituto Mexicano del Seguro Social para el Bienestar,29626498.45,2488625870.0,1.96,14125134.06,1186511261.1,3.09
Hidalgo,"Ciencia, Humanidades, Tecnología e Innovación",124056160.5,248112321.0,0.2,52483321.05,104966642.1,0.27
Hidalgo,Agricultura y Desarrollo Rural,4288279.15,287314703.0,0.23,1373929.98,92053308.6,0.24
Hidalgo,Economía,2577311.52,242267283.0,0.19,625861.67,58830997.4,0.15
Hidalgo,Instituto Nacional Electoral,445018.23,190467803.0,0.15,85943.39,36783769.8,0.1
Hidalgo,"Infraestructura, Comunicaciones y Transportes",458588.52,67412513.0,0.05,213457.33,31378226.9,0.08
Hidalgo,Información Nacional Estadística y Geográfica,1688038.39,143483263.0,0.11,305723.94,25986534.7,0.07
Hidalgo,Entidades no Sectorizadas,65564.27,3212649.0,0.0,372097.63,18232783.9,0.05
Hidalgo,Fiscalía General de la República,869116.3,46932280.0,0.04,147915.03,7987411.6,0.02
Hidalgo,Tribunales Agrarios,247101.81,26686996.0,0.02,50776.34,5483844.6,0.01
Hidalgo,Tribunal Federal de Justicia Administrativa,589254.34,29462717.0,0.02,105558.87,5277943.5,0.01
Hidalgo,Trabajo y Previsión Social,233428.82,7936580.0,0.01,144172.77,4901874.1,0.01
Hidalgo,"Desarrollo Agrario, Territorial y Urbano",112546.03,10691873.0,0.01,47848.36,4545594.2,0.01
Hidalgo,Bienestar,485349.81,17957943.0,0.01,114376.14,4231917.0,0.01
Hidalgo,Poder Judicial,703980.11,38718906.0,0.03,72626.42,3994453.1,0.01
Hidalgo,Provisiones Salariales y Económicas,0.0,0.0,0.0,2533490.6,2533490.6,0.01
Hidalgo,Gobernación,0.0,0.0,0.0,34916.25,663408.7,0.0
Hidalgo,Cultura,529379.0,1588137.0,0.0,0.0,0.0,0.0
Hidalgo,Energía,0.0,0.0,0.0,0.0,0.0,0.0
Hidalgo,Mujeres,6957554.25,27830217.0,0.02,0.0,0.0,0.0
Hidalgo,Salud,2414.43,16901.0,0.0,0.0,0.0,0.0
Hidalgo,Seguridad y Protección Ciudadana,0.0,0.0,0.0,0.0,0.0,0.0
Jalisco,Instituto Mexicano del Seguro Social,219542711.36,119211692266.0,36.33,50131012.05,27221139544.1,33.38
Jalisco,Participaciones a Entidades Federativas y Municipios,19334433552.4,96672167762.0,29.46,5028833355.2,25144166776.0,30.83
Jalisco,Aportaciones Federales para Entidades Federativas y Municipios,718030252.51,50980147928.0,15.53,200972856.99,14269072846.0,17.5
Jalisco,Instituto de Seguridad y Servicios Sociales de los Trabajadores del Estado,45721030.32,17785480793.0,5.42,13163753.31,5120700038.0,6.28
Jalisco,Educación Pública,49292973.0,9267078924.0,2.82,22854811.7,4296704598.7,5.27
Jalisco,Comisión Federal de Electricidad,42463997.64,13673407239.0,4.17,9949231.84,3203652652.0,3.93
Jalisco,Defensa Nacional,40581832.47,2516073613.0,0.77,12963441.9,803733397.9,0.99
Jalisco,"Ciencia, Humanidades, Tecnología e Innovación",7188118.11,1372930559.0,0.42,2576057.97,492027073.0,0.6
Jalisco,Medio Ambiente y Recursos Naturales,1882943.58,1014906589.0,0.31,423652.54,228348721.0,0.28
Jalisco,Petróleos Mexicanos,8918002.42,856128232.0,0.26,2290291.97,219868029.0,0.27
Jalisco,Agricultura y Desarrollo Rural,5865275.58,451626220.0,0.14,1749442.09,134707040.7,0.17
Jalisco,Instituto Nacional Electoral,917157.88,465916205.0,0.14,176859.38,89844564.5,0.11
Jalisco,Marina,1483389.21,384197805.0,0.12,326192.18,84483775.9,0.1
Jalisco,Información Nacional Estadística y Geográfica,3497174.88,314745739.0,0.1,629373.3,56643597.0,0.07
Jalisco,Servicios de Salud del Instituto Mexicano del Seguro Social para el Bienestar,1362479.38,53136696.0,0.02,1208745.44,47141072.1,0.06
Jalisco,"Infraestructura, Comunicaciones y Transportes",72299935.84,12580188837.0,3.83,214220.99,37274452.9,0.05
Jalisco,Poder Judicial,1798419.42,246383461.0,0.08,217452.79,29791032.7,0.04
Jalisco,Tribunal Federal de Justicia Administrativa,557200.59,103639309.0,0.03,114117.05,21225771.6,0.03
Jalisco,Fiscalía General de la República,1821588.45,96544188.0,0.03,304251.92,16125351.9,0.02
Jalisco,Entidades no Sectorizadas,71770.6,3014365.0,0.0,238280.87,10007796.4,0.01
Jalisco,Tribunales Agrarios,313756.21,34199427.0,0.01,74344.81,8103584.0,0.01
Jalisco,Bienestar,352649.02,16221855.0,0.0,119550.67,5499330.6,0.01
Jalisco,Trabajo y Previsión Social,399466.53,12782929.0,0.0,141368.77,4523800.6,0.01
Jalisco,"Desarrollo Agrario, Territorial y Urbano",43434.47,3909102.0,0.0,35748.77,3217389.5,0.0
Jalisco,Economía,258346.81,12142300.0,0.0,56530.38,2656927.7,0.0
Jalisco,Gobernación,0.0,0.0,0.0,56127.93,1964477.7,0.0
Jalisco,Comisión Nacional de los Derechos Humanos,377465.71,7926780.0,0.0,49824.62,1046317.0,0.0
Jalisco,Hacienda y Crédito Público,240366.09,5528420.0,0.0,12577.61,289285.0,0.0
Jalisco,Cultura,529379.0,1588137.0,0.0,0.0,0.0,0.0
Jalisco,Mujeres,5567424.0,27837120.0,0.01,0.0,0.0,0.0
Jalisco,Salud,17673.4,176734.0,0.0,0.0,0.0,0.0
Jalisco,Seguridad y Protección Ciudadana,0.0,0.0,0.0,0.0,0.0,0.0
Michoacán,Participaciones a Entidades Federativas y Municipios,9370669795.8,46853348979.0,30.47,2451414239.68,12257071198.4,28.38
Michoacán,Aportaciones Federales para Entidades Federativas y Municipios,605452082.99,41776193726.0,27.17,170507802.45,11765038369.1,27.24
Michoacán,Instituto Mexicano del Seguro Social,79051782.72,34545629047.0,22.47,18529450.61,8097369918.5,18.75
Michoacán,Instituto de Seguridad y Servicios Sociales de los Trabajadores del Estado,36697521.91,14679008766.0,9.55,10257961.31,4103184526.0,9.5
Michoacán,Educación Pública,81369096.42,4231193014.0,2.75,70487490.23,3665349492.0,8.49
Michoacán,Comisión Federal de Electricidad,25410605.14,6251008864.0,4.07,5423822.07,1334260229.0,3.09
Michoacán,Servicios de Salud del Instituto Mexicano del Seguro Social para el Bienestar,22686679.15,1814934332.0,1.18,10674840.91,853987272.9,1.98
Michoacán,Defensa Nacional,0.0,0.0,0.0,260259438.6,260259438.6,0.6
Michoacán,"Ciencia, Humanidades, Tecnología e Innovación",8069880.23,774708502.0,0.5,2410029.7,231362851.3,0.54
Michoacán,Marina,1925994.16,805065558.0,0.52,379927.0,158809487.5,0.37
Michoacán,Agricultura y Desarrollo Rural,6388880.26,459999379.0,0.3,1772052.75,127587797.9,0.3
Michoacán,Petróleos Mexicanos,6432516.97,385951018.0,0.25,1537001.1,92220066.0,0.21
Michoacán,Medio Ambiente y Recursos Naturales,965353.76,384210798.0,0.25,206428.88,82158693.8,0.19
Michoacán,Instituto Nacional Electoral,511105.55,260152723.0,0.17,100569.69,51189970.3,0.12
Michoacán,Información Nacional Estadística y Geográfica,1937504.62,166625397.0,0.11,368417.38,31683894.4,0.07
Michoacán,"Infraestructura, Comunicaciones y Transportes",556873.69,90770411.0,0.06,121353.93,19780690.2,0.05
Michoacán,Entidades no Sectorizadas,105393.87,5691269.0,0.0,192467.33,10393235.8,0.02
Michoacán,Fiscalía General de la República,1557138.56,63842681.0,0.04,251335.24,10304744.7,0.02
Michoacán,Bienestar,540823.92,27041196.0,0.02,158428.27,7921413.6,0.02
Michoacán,Poder Judicial,980156.69,59789558.0,0.04,119246.25,7274021.3,0.02
Michoacán,Tribunal Federal de Justicia Administrativa,685955.02,36355616.0,0.02,137165.68,7269781.2,0.02
Michoacán,Tribunales Agrarios,186501.45,20328658.0,0.01,44763.7,4879243.6,0.01
Michoacán,Trabajo y Previsión Social,188926.67,6801360.0,0.0,128306.84,4619046.2,0.01
Michoacán,"Desarrollo Agrario, Territorial y Urbano",82472.11,7669906.0,0.0,33463.01,3112060.3,0.01
Michoacán,Economía,219248.13,10523910.0,0.01,46958.88,2254026.2,0.01
Michoacán,Comisión Nacional de los Derechos Humanos,559481.65,11189633.0,0.01,74822.06,1496441.2,0.0
Michoacán,Gobernación,0.0,0.0,0.0,18604.93,483728.3,0.0
Michoacán,Cultura,529379.0,1588137.0,0.0,0.0,0.0,0.0
Michoacán,Mujeres,3967959.33,23807756.0,0.02,0.0,0.0,0.0
Michoacán,Salud,1254.17,7525.0,0.0,0.0,0.0,0.0
Michoacán,Seguridad y Protección Ciudadana,0.0,0.0,0.0,0.0,0.0,0.0
Michoacán,Turismo,0.0,0.0,0.0,0.0,0.0,0.0
Morelos,Instituto Mexicano del Seguro Social,56951961.96,24204583835.0,28.18,13359077.52,5677607944.8,24.4
Morelos,Aportaciones Federales para Entidades Federativas y Municipios,243768374.38,16576249458.0,19.3,80131204.04,5448921874.9,23.42
Morelos,Participaciones a Entidades Federativas y Municipios,3780246789.2,18901233946.0,22.0,979862546.4,4899312732.0,21.06
Morelos,Instituto de Seguridad y Servicios Sociales de los Trabajadores del Estado,31762452.92,12355594186.0,14.38,8346982.9,3246976347.0,13.96
Morelos,Comisión Federal de Electricidad,27148322.72,7682975329.0,8.94,4832201.45,1367513010.0,5.88
Morelos,Educación Pública,43995528.84,1935803269.0,2.25,22827181.29,1004395976.8,4.32
Morelos,Servicios de Salud del Instituto Mexicano del Seguro Social para el Bienestar,14404767.74,1224405258.0,1.43,10954106.21,931099027.7,4.0
Morelos,"Ciencia, Humanidades, Tecnología e Innovación",159893810.6,799469053.0,0.93,43838497.22,219192486.1,0.94
Morelos,Salud,2867674.77,562064254.0,0.65,592551.74,116140140.4,0.5
Morelos,Medio Ambiente y Recursos Naturales,1000249.14,446111115.0,0.52,179900.75,80235736.1,0.34
Morelos,Energía,30116051.3,301160513.0,0.35,7206281.3,72062813.0,0.31
Morelos,Agricultura y Desarrollo Rural,2965356.72,198678900.0,0.23,992005.2,66464348.6,0.29
Morelos,Petróleos Mexicanos,2624154.19,136456018.0,0.16,600275.04,31214302.0,0.13
Morelos,Instituto Nacional Electoral,300556.77,139157786.0,0.16,59033.05,27332300.5,0.12
Morelos,Información Nacional Estadística y Geográfica,1624153.19,136428868.0,0.16,292525.81,24572167.7,0.11
Morelos,"Infraestructura, Comunicaciones y Transportes",498465.97,78757623.0,0.09,74694.65,11801755.1,0.05
Morelos,Fiscalía General de la República,980658.24,45110279.0,0.05,174987.27,8049414.5,0.03
Morelos,Bienestar,399944.69,17997511.0,0.02,132148.17,5946667.7,0.03
Morelos,Tribunal Federal de Justicia Administrativa,561161.02,29741534.0,0.03,109094.38,5782002.1,0.02
Morelos,Tribunales Agrarios,232291.5,25319773.0,0.03,51268.18,5588231.4,0.02
Morelos,"Desarrollo Agrario, Territorial y Urbano",48251.85,4487422.0,0.01,40125.08,3731632.1,0.02
Morelos,Trabajo y Previsión Social,156677.15,5327023.0,0.01,103872.43,3531662.5,0.02
Morelos,Poder Judicial,824863.35,53616118.0,0.06,39824.24,2588575.5,0.01
Morelos,Economía,225925.21,10618485.0,0.01,49955.54,2347910.4,0.01
Morelos,Entidades no Sectorizadas,107770.31,2802028.0,0.0,45075.43,1171961.1,0.01
Morelos,Gobernación,0.0,0.0,0.0,17762.68,461829.6,0.0
Morelos,Marina,75666.67,2497000.0,0.0,10352.53,341633.5,0.0
Morelos,Anticorrupción y Buen Gobierno,0.0,0.0,0.0,253000.0,253000.0,0.0
Morelos,Cultura,397034.25,1588137.0,0.0,0.0,0.0,0.0
Morelos,Mujeres,3322266.33,19933598.0,0.02,0.0,0.0,0.0
Morelos,Seguridad y Protección Ciudadana,0.0,0.0,0.0,0.0,0.0,0.0
Nayarit,Aportaciones Federales para Entidades Federativas y Municipios,175036098.8,12077490817.0,22.55,52902795.7,3650292903.5,23.95
Nayarit,Participaciones a Entidades Federativas y Municipios,2636707350.4,13183536752.0,24.61,714535916.6,3572679583.0,23.45
Nayarit,Instituto Mexicano del Seguro Social,41327354.77,14712538299.0,27.47,9967937.45,3548585733.0,23.29
Nayarit,Instituto de Seguridad y Servicios Sociales de los Trabajadores del Estado,21049520.84,7830421754.0,14.62,4925432.58,1832260921.0,12.02
Nayarit,Educación Pública,47442349.26,2229790415.0,4.16,21257656.57,999109858.8,6.56
Nayarit,Servicios de Salud del Instituto Mexicano del Seguro Social para el Bienestar,14714118.83,1103558912.0,2.06,8830081.36,662256102.3,4.35
Nayarit,Comisión Federal de Electricidad,5620225.44,949818099.0,1.77,2583890.13,436677432.0,2.87
Nayarit,"Infraestructura, Comunicaciones y Transportes",425353.61,62101627.0,0.12,1369275.74,199914258.2,1.31
Nayarit,Marina,1649208.13,448584612.0,0.84,482568.22,131258555.2,0.86
Nayarit,Agricultura y Desarrollo Rural,2951566.22,215464334.0,0.4,735861.84,53717914.1,0.35
Nayarit,"Ciencia, Humanidades, Tecnología e Innovación",43700195.5,87400391.0,0.16,14378538.3,28757076.6,0.19
Nayarit,Medio Ambiente y Recursos Naturales,409466.6,120792647.0,0.23,85730.15,25290393.5,0.17
Nayarit,Información Nacional Estadística y Geográfica,1563659.87,132911089.0,0.25,274043.03,23293657.9,0.15
Nayarit,Instituto Nacional Electoral,231349.04,100868181.0,0.19,47649.09,20775001.1,0.14
Nayarit,Entidades no Sectorizadas,111121.03,6556141.0,0.01,211050.24,12451964.3,0.08
Nayarit,Petróleos Mexicanos,1248851.97,44958671.0,0.08,293484.89,10565456.0,0.07
Nayarit,Bienestar,443000.82,22150041.0,0.04,135146.52,6757325.9,0.04
Nayarit,Fiscalía General de la República,791426.31,41154168.0,0.08,106224.86,5523692.5,0.04
Nayarit,Tribunales Agrarios,195418.19,21300583.0,0.04,45053.09,4910787.2,0.03
Nayarit,Poder Judicial,884584.38,41575466.0,0.08,68797.58,3233486.4,0.02
Nayarit,"Desarrollo Agrario, Territorial y Urbano",26404.66,2429229.0,0.0,25815.42,2375018.4,0.02
Nayarit,Economía,218360.56,9389504.0,0.02,52290.87,2248507.4,0.01
Nayarit,Trabajo y Previsión Social,126523.19,4681358.0,0.01,59626.05,2206163.8,0.01
Nayarit,Turismo,2069246.55,86908355.0,0.16,51747.95,2173413.9,0.01
Nayarit,Gobernación,0.0,0.0,0.0,52171.84,1043436.7,0.01
Nayarit,Salud,47549.74,1616691.0,0.0,964.78,32802.5,0.0
Nayarit,Cultura,1588137.0,1588137.0,0.0,0.0,0.0,0.0
Nayarit,Mujeres,3417244.0,20503464.0,0.04,0.0,0.0,0.0
No Distribuible Geográficamente,Deuda Pública,64884053146.15,1297681062923.0,74.62,11713641297.21,234272825944.2,67.47
No Distribuible Geográficamente,Adeudos de Ejercicios Fiscales Anteriores,35427850000.0,70855700000.0,4.07,32411932072.45,64823864144.9,18.67
No Distribuible Geográficamente,Agricultura y Desarrollo Rural,3046012991.22,54828233842.0,3.15,1685179448.05,30333230064.9,8.74
No Distribuible Geográficamente,Erogaciones para los Programas de Apoyo a Ahorradores y Deudores de la Banca,3555340090.0,35553400900.0,2.04,1777670000.0,17776700000.0,5.12
No Distribuible Geográficamente,"Desarrollo Agrario, Territorial y Urbano",6691730535.2,33458652676.0,1.92,2772700.0,13863500.0,0.0
No Distribuible Geográficamente,Aportaciones Federales para Entidades Federativas y Municipios,2510167662.4,62754191560.0,3.61,0.0,0.0,0.0
No Distribuible Geográficamente,Bienestar,5002893097.75,20011572391.0,1.15,0.0,0.0,0.0
No Distribuible Geográficamente,Cultura,27011034.0,162066204.0,0.01,0.0,0.0,0.0
No Distribuible Geográficamente,Educación Pública,2742438232.28,49363888181.0,2.84,0.0,0.0,0.0
No Distribuible Geográficamente,Entidades no Sectorizadas,1217167677.67,3651503033.0,0.21,0.0,0.0,0.0
No Distribuible Geográficamente,Gobernación,311993007.0,935979021.0,0.05,0.0,0.0,0.0
No Distribuible Geográficamente,Medio Ambiente y Recursos Naturales,581797869.42,6981574433.0,0.4,0.0,0.0,0.0
No Distribuible Geográficamente,Mujeres,155302787.0,465908361.0,0.03,0.0,0.0,0.0
No Distribuible Geográficamente,Participaciones a Entidades Federativas y Municipios,17278758099.0,17278758099.0,0.99,0.0,0.0,0.0
No Distribuible Geográficamente,Provisiones Salariales y Económicas,3566219027.0,7132438054.0,0.41,0.0,0.0,0.0
No Distribuible Geográficamente,Salud,495247197.5,8914449555.0,0.51,0.0,0.0,0.0
No Distribuible Geográficamente,Seguridad y Protección Ciudadana,1166106569.0,1166106569.0,0.07,0.0,0.0,0.0
No Distribuible Geográficamente,Servicios de Salud del Instituto Mexicano del Seguro Social para el Bienestar,22550323261.0,67650969783.0,3.89,0.0,0.0,0.0
No Distribuible Geográficamente,Trabajo y Previsión Social,318032653.0,318032653.0,0.02,0.0,0.0,0.0
Nuevo León,Instituto Mexicano del Seguro Social,295627590.11,131258650009.0,41.54,68769300.6,30533569465.9,39.15
Nuevo León,Participaciones a Entidades Federativas y Municipios,15306001790.2,76530008951.0,24.22,3965479743.4,19827398717.0,25.42
Nuevo León,Aportaciones Federales para Entidades Federativas y Municipios,561974584.39,35966373401.0,11.38,146982463.38,9406877656.0,12.06
Nuevo León,Comisión Federal de Electricidad,79420009.78,25255563110.0,7.99,13892113.48,4417692088.0,5.66
Nuevo León,Instituto de Seguridad y Servicios Sociales de los Trabajadores del Estado,31169211.49,12530023019.0,3.97,8431826.85,3389594395.0,4.35
Nuevo León,"Infraestructura, Comunicaciones y Transportes",72119696.61,14496059019.0,4.59,16145639.47,3245273534.0,4.16
Nuevo León,Educación Pública,172581844.07,7421019295.0,2.35,74052083.84,3184239605.0,4.08
Nuevo León,Petróleos Mexicanos,51039140.26,8727692984.0,2.76,16382355.89,2801382857.0,3.59
Nuevo León,Defensa Nacional,18790804.95,1146239102.0,0.36,8820173.1,538030559.1,0.69
Nuevo León,"Ciencia, Humanidades, Tecnología e Innovación",12418754.14,894150298.0,0.28,3843409.47,276725481.5,0.35
Nuevo León,Medio Ambiente y Recursos Naturales,1024680.45,304330095.0,0.1,225882.11,67086987.1,0.09
Nuevo León,Instituto Nacional Electoral,640502.3,335623204.0,0.11,121062.97,63436995.5,0.08
Nuevo León,Información Nacional Estadística y Geográfica,3311083.16,294686401.0,0.09,568710.05,50615194.8,0.06
Nuevo León,Poder Judicial,2762904.05,353651719.0,0.11,322379.97,41264636.6,0.05
Nuevo León,Provisiones Salariales y Económicas,0.0,0.0,0.0,39649242.3,39649242.3,0.05
Nuevo León,Tribunal Federal de Justicia Administrativa,743282.51,156089327.0,0.05,140869.23,29582537.3,0.04
Nuevo León,Agricultura y Desarrollo Rural,1732966.19,138637295.0,0.04,314806.43,25184514.3,0.03
Nuevo León,Servicios de Salud del Instituto Mexicano del Seguro Social para el Bienestar,531685.75,10633715.0,0.0,655545.03,13110900.7,0.02
Nuevo León,Fiscalía General de la República,1262931.06,80827588.0,0.03,168165.69,10762604.0,0.01
Nuevo León,Gobernación,0.0,0.0,0.0,278221.26,8346637.8,0.01
Nuevo León,Bienestar,351270.02,14753341.0,0.0,77991.51,3275643.6,0.0
Nuevo León,Tribunales Agrarios,115298.61,12567548.0,0.0,26586.83,2897964.2,0.0
Nuevo León,Trabajo y Previsión Social,195363.85,6642371.0,0.0,83457.45,2837553.3,0.0
Nuevo León,Economía,252148.84,11094549.0,0.0,59388.18,2613080.1,0.0
Nuevo León,Hacienda y Crédito Público,126409.92,3160248.0,0.0,60562.46,1514061.5,0.0
Nuevo León,"Desarrollo Agrario, Territorial y Urbano",26605.53,2633947.0,0.0,14923.59,1477435.3,0.0
Nuevo León,Marina,43810.06,1445732.0,0.0,8091.65,267024.6,0.0
Nuevo León,Cultura,529379.0,1588137.0,0.0,0.0,0.0,0.0
Nuevo León,Mujeres,4341180.83,26047085.0,0.01,0.0,0.0,0.0
Nuevo León,Salud,5300.57,37104.0,0.0,0.0,0.0,0.0
Nuevo León,Seguridad y Protección Ciudadana,0.0,0.0,0.0,0.0,0.0,0.0
Oaxaca,Aportaciones Federales para Entidades Federativas y Municipios,926054172.25,56489304507.0,32.12,306258876.59,18681791472.0,36.25
Oaxaca,Participaciones a Entidades Federativas y Municipios,7905789852.8,39528949264.0,22.48,2009520419.4,10047602097.0,19.5
Oaxaca,Petróleos Mexicanos,59785526.41,10821180280.0,6.15,31428872.78,5688625973.0,11.04
Oaxaca,Instituto de Seguridad y Servicios Sociales de los Trabajadores del Estado,44173808.43,17360306714.0,9.87,14187657.79,5575749512.0,10.82
Oaxaca,Instituto Mexicano del Seguro Social,38936503.25,16470140876.0,9.37,8911447.0,3769542081.5,7.31
Oaxaca,Educación Pública,54130667.14,2760664024.0,1.57,44610875.58,2275154654.7,4.41
Oaxaca,Servicios de Salud del Instituto Mexicano del Seguro Social para el Bienestar,19546503.69,3322905628.0,1.89,12738125.55,2165481344.2,4.2
Oaxaca,Comisión Federal de Electricidad,53898458.62,12504442399.0,7.11,8702299.35,2018933449.0,3.92
Oaxaca,Defensa Nacional,33316068.26,2065596232.0,1.17,5991406.47,371467201.3,0.72
Oaxaca,Marina,25725643.28,12657016495.0,7.2,753216.54,370582539.7,0.72
Oaxaca,Entidades no Sectorizadas,253355.38,16214744.0,0.01,1759278.69,112593836.3,0.22
Oaxaca,Agricultura y Desarrollo Rural,4112001.3,324848103.0,0.18,1311642.19,103619732.7,0.2
Oaxaca,"Ciencia, Humanidades, Tecnología e Innovación",94829593.0,189659186.0,0.11,47778491.55,95556983.1,0.19
Oaxaca,Información Nacional Estadística y Geográfica,2976342.79,264894508.0,0.15,593954.99,52861994.1,0.1
Oaxaca,Instituto Nacional Electoral,466124.92,241918832.0,0.14,96802.07,50240274.5,0.1
Oaxaca,Medio Ambiente y Recursos Naturales,899419.43,334584029.0,0.19,117851.62,43840800.8,0.09
Oaxaca,Gobernación,0.0,0.0,0.0,514513.85,21609581.8,0.04
Oaxaca,"Infraestructura, Comunicaciones y Transportes",944274.98,152028272.0,0.09,126258.64,20327641.0,0.04
Oaxaca,Provisiones Salariales y Económicas,0.0,0.0,0.0,14111150.6,14111150.6,0.03
Oaxaca,Turismo,3172051.1,66613073.0,0.04,549546.24,11540471.1,0.02
Oaxaca,Tribunales Agrarios,349756.02,38473162.0,0.02,84192.97,9261226.3,0.02
Oaxaca,Fiscalía General de la República,1149057.27,56303806.0,0.03,178052.55,8724574.9,0.02
Oaxaca,Tribunal Federal de Justicia Administrativa,738894.07,41378068.0,0.02,145482.97,8147046.2,0.02
Oaxaca,"Desarrollo Agrario, Territorial y Urbano",138371.74,12730200.0,0.01,64836.39,5964947.7,0.01
Oaxaca,Bienestar,466443.52,19590628.0,0.01,110985.6,4661395.0,0.01
Oaxaca,Trabajo y Previsión Social,136741.03,4922677.0,0.0,107848.1,3882531.6,0.01
Oaxaca,Poder Judicial,981836.97,57928381.0,0.03,54162.06,3195561.6,0.01
Oaxaca,Economía,243070.7,11181252.0,0.01,54218.57,2494054.0,0.0
Oaxaca,Comisión Nacional de los Derechos Humanos,418663.86,9210605.0,0.01,70558.75,1552292.4,0.0
Oaxaca,Salud,105645.84,3275021.0,0.0,2657.03,82367.9,0.0
Oaxaca,Cultura,397034.25,1588137.0,0.0,0.0,0.0,0.0
Oaxaca,Mujeres,4150972.83,24905837.0,0.01,0.0,0.0,0.0
Oaxaca,Seguridad y Protección Ciudadana,0.0,0.0,0.0,0.0,0.0,0.0
Puebla,Participaciones a Entidades Federativas y Municipios,12943606203.8,64718031019.0,32.55,3382104386.8,16910521934.0,29.5
Puebla,Aportaciones Federales para Entidades Federativas y Municipios,692600101.96,48482007137.0,24.38,207395405.72,14517678400.4,25.33
Puebla,Instituto Mexicano del Seguro Social,102044008.08,48470903836.0,24.38,23841859.76,11324883385.8,19.76
Puebla,Educación Pública,133839409.0,6959649268.0,3.5,83713039.28,4353078042.7,7.59
Puebla,Instituto de Seguridad y Servicios Sociales de los Trabajadores del Estado,35091182.79,12562643438.0,6.32,10001693.23,3580606178.0,6.25
Puebla,Servicios de Salud del Instituto Mexicano del Seguro Social para el Bienestar,41068724.24,3614047733.0,1.82,30314109.52,2667641637.4,4.65
Puebla,Comisión Federal de Electricidad,31137401.22,8251411324.0,4.15,6950966.78,1842006198.0,3.21
Puebla,"Infraestructura, Comunicaciones y Transportes",453275.41,69804413.0,0.04,4510629.09,694636879.8,1.21
Puebla,Petróleos Mexicanos,12458499.37,1470102926.0,0.74,3566904.12,420894686.0,0.73
Puebla,"Ciencia, Humanidades, Tecnología e Innovación",5461640.66,1327178680.0,0.67,1601061.29,389057892.9,0.68
Puebla,Defensa Nacional,0.0,0.0,0.0,5223893.99,292538063.7,0.51
Puebla,Instituto Nacional Electoral,656415.15,364966823.0,0.18,127551.24,70918491.7,0.12
Puebla,Agricultura y Desarrollo Rural,4285180.53,265681193.0,0.13,1121249.22,69517451.7,0.12
Puebla,Información Nacional Estadística y Geográfica,3130279.95,291116035.0,0.15,595467.41,55378469.2,0.1
Puebla,Medio Ambiente y Recursos Naturales,6057230.17,1702081677.0,0.86,105635.43,29683554.6,0.05
Puebla,Provisiones Salariales y Económicas,0.0,0.0,0.0,24660418.4,24660418.4,0.04
Puebla,Entidades no Sectorizadas,166091.19,8636742.0,0.0,363411.75,18897411.0,0.03
Puebla,Tribunal Federal de Justicia Administrativa,609438.08,88368521.0,0.04,121982.34,17687438.8,0.03
Puebla,Poder Judicial,1150631.0,70188491.0,0.04,123172.02,7513493.0,0.01
Puebla,Fiscalía General de la República,979248.6,48962430.0,0.02,149646.14,7482307.1,0.01
Puebla,Tribunales Agrarios,194579.18,21403710.0,0.01,46189.35,5080828.9,0.01
Puebla,Bienestar,392566.95,16880379.0,0.01,104554.87,4495859.3,0.01
Puebla,Trabajo y Previsión Social,171377.67,5655463.0,0.0,131166.83,4328505.5,0.01
Puebla,Economía,261509.38,12552450.0,0.01,81429.06,3908595.1,0.01
Puebla,"Desarrollo Agrario, Territorial y Urbano",59848.85,5326548.0,0.0,35652.77,3173096.7,0.01
Puebla,Gobernación,0.0,0.0,0.0,91560.22,2746806.6,0.0
Puebla,Marina,53998.08,1997929.0,0.0,7100.58,262721.3,0.0
Puebla,Cultura,529379.0,1588137.0,0.0,0.0,0.0,0.0
Puebla,Mujeres,3419306.5,20515839.0,0.01,0.0,0.0,0.0
Puebla,Salud,2319.83,13919.0,0.0,0.0,0.0,0.0
Puebla,Seguridad y Protección Ciudadana,0.0,0.0,0.0,0.0,0.0,0.0
Querétaro,Instituto Mexicano del Seguro Social,107687288.37,35213743296.0,31.86,25335154.25,8284595440.9,33.12
Querétaro,Participaciones a Entidades Federativas y Municipios,5670958853.6,28354794268.0,25.65,1440843813.4,7204219067.0,28.8
Querétaro,Aportaciones Federales para Entidades Federativas y Municipios,249604726.1,17472330827.0,15.81,65432910.19,4580303713.2,18.31
Querétaro,Instituto de Seguridad y Servicios Sociales de los Trabajadores del Estado,22261889.56,8214637246.0,7.43,5700518.85,2103491456.0,8.41
Querétaro,Educación Pública,55651522.52,2671273081.0,2.42,29420880.03,1412202241.3,5.65
Querétaro,Comisión Federal de Electricidad,16181093.38,3915824597.0,3.54,2784547.46,673860486.0,2.69
Querétaro,"Ciencia, Humanidades, Tecnología e Innovación",3693645.01,1359261364.0,1.23,878973.56,323462268.4,1.29
Querétaro,Petróleos Mexicanos,42657786.94,3028702873.0,2.74,1942324.54,137905042.0,0.55
Querétaro,"Infraestructura, Comunicaciones y Transportes",38654888.44,9277173225.0,8.39,262633.54,63032050.6,0.25
Querétaro,Economía,1982234.69,188312296.0,0.17,474988.68,45123924.2,0.18
Querétaro,Agricultura y Desarrollo Rural,2115756.92,129061172.0,0.12,616747.82,37621617.2,0.15
Querétaro,Instituto Nacional Electoral,362531.57,158426294.0,0.14,70532.19,30822569.0,0.12
Querétaro,Información Nacional Estadística y Geográfica,1704309.37,148274915.0,0.13,279639.35,24328623.4,0.1
Querétaro,Servicios de Salud del Instituto Mexicano del Seguro Social para el Bienestar,1237820.76,47037189.0,0.04,638167.14,24250351.2,0.1
Querétaro,Medio Ambiente y Recursos Naturales,600069.25,163818904.0,0.15,86931.38,23732265.5,0.09
Querétaro,Entidades no Sectorizadas,36722.52,1836126.0,0.0,231930.71,11596535.4,0.05
Querétaro,Tribunal Federal de Justicia Administrativa,705207.34,39491611.0,0.04,136045.97,7618574.3,0.03
Querétaro,Fiscalía General de la República,888429.4,47086758.0,0.04,127514.97,6758293.4,0.03
Querétaro,Bienestar,462834.95,18513398.0,0.02,128338.53,5133541.2,0.02
Querétaro,Poder Judicial,1026947.05,45185670.0,0.04,106275.78,4676134.5,0.02
Querétaro,"Desarrollo Agrario, Territorial y Urbano",56850.03,4889103.0,0.0,35565.42,3058626.0,0.01
Querétaro,Trabajo y Previsión Social,148895.9,4466877.0,0.0,99602.24,2988067.1,0.01
Querétaro,Tribunales Agrarios,107934.52,11764863.0,0.01,23413.12,2552029.6,0.01
Querétaro,Gobernación,0.0,0.0,0.0,28208.02,846240.5,0.0
Querétaro,Cultura,397034.25,1588137.0,0.0,0.0,0.0,0.0
Querétaro,Mujeres,5009984.2,25049921.0,0.02,0.0,0.0,0.0
Querétaro,Salud,690.83,4145.0,0.0,0.0,0.0,0.0
Querétaro,Seguridad y Protección Ciudadana,0.0,0.0,0.0,0.0,0.0,0.0
Quintana Roo,Participaciones a Entidades Federativas y Municipios,4390982109.6,21954910548.0,31.69,1144294500.6,5721472503.0,31.85
Quintana Roo,Aportaciones Federales para Entidades Federativas y Municipios,199028834.82,13533960768.0,19.54,62934695.58,4279559299.3,23.82
Quintana Roo,Instituto Mexicano del Seguro Social,46182214.33,16902690443.0,24.4,10698996.54,3915832734.1,21.8
Quintana Roo,Instituto de Seguridad y Servicios Sociales de los Trabajadores del Estado,17898836.01,6515176306.0,9.41,4744759.96,1727092625.0,9.61
Quintana Roo,Servicios de Salud del Instituto Mexicano del Seguro Social para el Bienestar,13950484.41,1213692144.0,1.75,8851094.22,770045197.4,4.29
Quintana Roo,Educación Pública,24291876.33,1190301940.0,1.72,14850239.77,727661748.7,4.05
Quintana Roo,Marina,2870149.12,1119358158.0,1.62,836483.1,326228409.7,1.82
Quintana Roo,Comisión Federal de Electricidad,26498933.13,5882763155.0,8.49,1351369.57,300004044.0,1.67
Quintana Roo,Medio Ambiente y Recursos Naturales,701695.45,217525590.0,0.31,120415.91,37328932.6,0.21
Quintana Roo,"Ciencia, Humanidades, Tecnología e Innovación",45944130.5,91888261.0,0.13,16270008.35,32540016.7,0.18
Quintana Roo,Información Nacional Estadística y Geográfica,1564884.14,150228877.0,0.22,289688.64,27810109.4,0.15
Quintana Roo,Instituto Nacional Electoral,302584.37,132531952.0,0.19,60067.91,26309744.5,0.15
Quintana Roo,Agricultura y Desarrollo Rural,1291647.11,95581886.0,0.14,270747.18,20035291.2,0.11
Quintana Roo,Gobernación,0.0,0.0,0.0,235568.94,9422757.5,0.05
Quintana Roo,"Infraestructura, Comunicaciones y Transportes",373979.56,63950505.0,0.09,54827.55,9375510.9,0.05
Quintana Roo,Tribunal Federal de Justicia Administrativa,780925.02,37484401.0,0.05,151141.73,7254802.9,0.04
Quintana Roo,Fiscalía General de la República,883730.34,38884135.0,0.06,146476.11,6444948.8,0.04
Quintana Roo,Entidades no Sectorizadas,60999.74,3049987.0,0.0,78326.68,3916334.1,0.02
Quintana Roo,Poder Judicial,595501.88,35134611.0,0.05,57739.52,3406631.9,0.02
Quintana Roo,Bienestar,352880.73,13056587.0,0.02,89246.14,3302107.1,0.02
Quintana Roo,Economía,268401.32,12614862.0,0.02,57389.61,2697311.5,0.02
Quintana Roo,"Desarrollo Agrario, Territorial y Urbano",27968.52,2433261.0,0.0,30450.44,2649188.5,0.01
Quintana Roo,Trabajo y Previsión Social,80867.54,2830364.0,0.0,70239.27,2458374.5,0.01
Quintana Roo,Tribunales Agrarios,88286.93,9623275.0,0.01,16268.33,1773248.0,0.01
Quintana Roo,Turismo,1007126.78,23163916.0,0.03,33298.75,765871.2,0.0
Quintana Roo,Salud,75291.7,2032876.0,0.0,345.3,9323.2,0.0
Quintana Roo,Cultura,397034.25,1588137.0,0.0,0.0,0.0,0.0
Quintana Roo,Defensa Nacional,0.0,0.0,0.0,0.0,0.0,0.0
Quintana Roo,Mujeres,3928765.5,23572593.0,0.03,0.0,0.0,0.0
Quintana Roo,Seguridad y Protección Ciudadana,0.0,0.0,0.0,0.0,0.0,0.0
San Luis Potosí,Aportaciones Federales para Entidades Federativas y Municipios,380659366.86,26265496313.0,20.0,119031069.91,8213143823.9,25.35
San Luis Potosí,Participaciones a Entidades Federativas y Municipios,5820293590.8,29101467954.0,22.15,1529351656.6,7646758283.0,23.6
San Luis Potosí,Instituto Mexicano del Seguro Social,69559151.74,28658370517.0,21.82,16104233.66,6634944269.0,20.48
San Luis Potosí,Instituto de Seguridad y Servicios Sociales de los Trabajadores del Estado,30495595.42,11801795426.0,8.98,8683211.03,3360402667.0,10.37
San Luis Potosí,Comisión Federal de Electricidad,86643279.19,18801591584.0,14.31,15441673.24,3350843093.0,10.34
San Luis Potosí,Educación Pública,79632301.59,3663085873.0,2.79,39961213.82,1838215835.7,5.67
San Luis Potosí,Servicios de Salud del Instituto Mexicano del Seguro Social para el Bienestar,15955288.88,1372154844.0,1.04,9288035.83,798771081.8,2.47
San Luis Potosí,"Ciencia, Humanidades, Tecnología e Innovación",3043812.29,800522633.0,0.61,829609.59,218187322.6,0.67
San Luis Potosí,Petróleos Mexicanos,4386557.04,302672436.0,0.23,917833.43,63330507.0,0.2
San Luis Potosí,Agricultura y Desarrollo Rural,3492777.11,227030512.0,0.17,902069.41,58634511.9,0.18
San Luis Potosí,Información Nacional Estadística y Geográfica,3016531.63,262438252.0,0.2,544193.23,47344810.8,0.15
San Luis Potosí,Medio Ambiente y Recursos Naturales,980410.26,285299385.0,0.22,124895.4,36344562.7,0.11
San Luis Potosí,Instituto Nacional Electoral,408359.68,180086619.0,0.14,80461.09,35483342.8,0.11
San Luis Potosí,"Infraestructura, Comunicaciones y Transportes",57852032.68,9429881327.0,7.18,178351.63,29071316.0,0.09
San Luis Potosí,Provisiones Salariales y Económicas,0.0,0.0,0.0,23324470.0,23324470.0,0.07
San Luis Potosí,Fiscalía General de la República,740345.44,40718999.0,0.03,153087.95,8419837.3,0.03
San Luis Potosí,Entidades no Sectorizadas,102982.96,4737216.0,0.0,166546.19,7661124.7,0.02
San Luis Potosí,Tribunal Federal de Justicia Administrativa,566368.48,33982109.0,0.03,102283.32,6136999.5,0.02
San Luis Potosí,Tribunales Agrarios,120341.98,12996934.0,0.01,40957.38,4423397.0,0.01
San Luis Potosí,Poder Judicial,755310.38,43808002.0,0.03,65096.3,3775585.2,0.01
San Luis Potosí,Bienestar,323477.8,12939112.0,0.01,81092.14,3243685.7,0.01
San Luis Potosí,"Desarrollo Agrario, Territorial y Urbano",44144.81,4149612.0,0.0,30192.87,2838129.9,0.01
San Luis Potosí,Trabajo y Previsión Social,113793.68,3527604.0,0.0,86026.98,2666836.5,0.01
San Luis Potosí,Economía,193477.21,9093429.0,0.01,51449.46,2418124.6,0.01
San Luis Potosí,Comisión Nacional de los Derechos Humanos,511299.45,11248588.0,0.01,66338.39,1459444.5,0.0
San Luis Potosí,Gobernación,0.0,0.0,0.0,28476.01,683424.2,0.0
San Luis Potosí,Cultura,529379.0,1588137.0,0.0,0.0,0.0,0.0
San Luis Potosí,Mujeres,4171918.17,25031509.0,0.02,0.0,0.0,0.0
San Luis Potosí,Salud,8045.22,72407.0,0.0,0.0,0.0,0.0
San Luis Potosí,Seguridad y Protección Ciudadana,0.0,0.0,0.0,0.0,0.0,0.0
Sinaloa,Instituto Mexicano del Seguro Social,115406906.69,48009273183.0,34.01,27365436.71,11384021670.0,29.9
Sinaloa,Participaciones a Entidades Federativas y Municipios,6732475584.0,33662377920.0,23.84,1657910671.4,8289553357.0,21.77
Sinaloa,Aportaciones Federales para Entidades Federativas y Municipios,346864314.25,23933637683.0,16.95,97856925.45,6752127856.1,17.73
Sinaloa,Instituto de Seguridad y Servicios Sociales de los Trabajadores del Estado,29149358.25,11659743301.0,8.26,8236135.75,3294454302.0,8.65
Sinaloa,Educación Pública,148959365.93,6852130833.0,4.85,68019245.71,3128885302.8,8.22
Sinaloa,Comisión Federal de Electricidad,36037591.25,8973360222.0,6.36,9747681.86,2427172783.0,6.37
Sinaloa,Servicios de Salud del Instituto Mexicano del Seguro Social para el Bienestar,24671182.23,2072379307.0,1.47,14636020.52,1229425723.5,3.23
Sinaloa,Defensa Nacional,13682312.7,916714951.0,0.65,7714004.76,516838318.6,1.36
Sinaloa,Marina,4436912.18,1845755465.0,1.31,742181.42,308747469.5,0.81
Sinaloa,Petróleos Mexicanos,10874654.69,728601864.0,0.52,2430862.16,162867765.0,0.43
Sinaloa,Agricultura y Desarrollo Rural,5996558.38,869500965.0,0.62,1119912.44,162387303.1,0.43
Sinaloa,"Ciencia, Humanidades, Tecnología e Innovación",7685980.72,353555113.0,0.25,3193387.12,146895807.7,0.39
Sinaloa,Medio Ambiente y Recursos Naturales,1674283.68,542467911.0,0.38,261612.39,84762413.5,0.22
Sinaloa,"Infraestructura, Comunicaciones y Transportes",475875.84,75188383.0,0.05,247972.0,39179576.7,0.1
Sinaloa,Instituto Nacional Electoral,421111.75,186552505.0,0.13,82207.88,36418091.9,0.1
Sinaloa,Fiscalía General de la República,1691812.86,98125146.0,0.07,614061.98,35615594.6,0.09
Sinaloa,Información Nacional Estadística y Geográfica,1772853.15,156011077.0,0.11,322023.98,28338110.2,0.07
Sinaloa,Tribunal Federal de Justicia Administrativa,730610.25,78175297.0,0.06,140496.98,15033176.8,0.04
Sinaloa,Tribunales Agrarios,272809.42,29736227.0,0.02,55638.92,6064641.8,0.02
Sinaloa,Poder Judicial,835556.53,60160070.0,0.04,83116.82,5984411.3,0.02
Sinaloa,Bienestar,316132.46,12961431.0,0.01,133144.42,5458921.1,0.01
Sinaloa,"Desarrollo Agrario, Territorial y Urbano",64426.55,5991669.0,0.0,42635.41,3965093.0,0.01
Sinaloa,Trabajo y Previsión Social,148472.79,5048075.0,0.0,102240.25,3476168.6,0.01
Sinaloa,Entidades no Sectorizadas,54090.96,2488184.0,0.0,55221.96,2540210.0,0.01
Sinaloa,Economía,254699.98,10697399.0,0.01,57052.77,2396216.2,0.01
Sinaloa,Gobernación,0.0,0.0,0.0,72003.84,2016107.5,0.01
Sinaloa,Turismo,357973.42,6801495.0,0.0,20706.93,393431.7,0.0
Sinaloa,Salud,99151.85,3272011.0,0.0,943.06,31121.0,0.0
Sinaloa,Cultura,397034.25,1588137.0,0.0,0.0,0.0,0.0
Sinaloa,Mujeres,4133646.17,24801877.0,0.02,0.0,0.0,0.0
Sinaloa,Seguridad y Protección Ciudadana,0.0,0.0,0.0,0.0,0.0,0.0
Sonora,Instituto Mexicano del Seguro Social,102481482.07,47961333607.0,32.08,24735141.26,11576046111.9,30.32
Sonora,Participaciones a Entidades Federativas y Municipios,7396043727.0,36980218635.0,24.74,1840341528.6,9201707643.0,24.1
Sonora,Aportaciones Federales para Entidades Federativas y Municipios,282458116.61,19772068163.0,13.23,88950931.96,6226565237.5,16.31
Sonora,Comisión Federal de Electricidad,68475353.24,23213144747.0,15.53,12744176.53,4320275842.0,11.32
Sonora,Instituto de Seguridad y Servicios Sociales de los Trabajadores del Estado,28859012.21,10533539455.0,7.05,7729033.05,2821097063.0,7.39
Sonora,Educación Pública,82344635.12,4034887121.0,2.7,36398265.12,1783514990.8,4.67
Sonora,Servicios de Salud del Instituto Mexicano del Seguro Social para el Bienestar,21284984.47,1638943804.0,1.1,14099272.54,1085643985.6,2.84
Sonora,"Ciencia, Humanidades, Tecnología e Innovación",4634296.46,954665070.0,0.64,1335743.27,275163113.8,0.72
Sonora,Marina,823638.22,284155186.0,0.19,786240.13,271252844.5,0.71
Sonora,Defensa Nacional,653102582.0,653102582.0,0.44,187011641.3,187011641.3,0.49
Sonora,Petróleos Mexicanos,7948133.84,556369369.0,0.37,2180312.97,152621908.0,0.4
Sonora,Medio Ambiente y Recursos Naturales,5915675.29,1881184742.0,1.26,175478.45,55802147.3,0.15
Sonora,Información Nacional Estadística y Geográfica,2674752.09,248751944.0,0.17,502201.33,46704723.7,0.12
Sonora,Instituto Nacional Electoral,380256.69,188607316.0,0.13,75188.8,37293643.2,0.1
Sonora,"Infraestructura, Comunicaciones y Transportes",442870.86,73959433.0,0.05,200194.9,33432547.5,0.09
Sonora,Agricultura y Desarrollo Rural,3429501.15,202340568.0,0.14,454872.65,26837486.3,0.07
Sonora,Gobernación,0.0,0.0,0.0,494428.09,20765979.6,0.05
Sonora,Entidades no Sectorizadas,112836.56,6657357.0,0.0,212163.66,12517656.2,0.03
Sonora,Fiscalía General de la República,1942719.88,97135994.0,0.06,226068.36,11303418.2,0.03
Sonora,Tribunal Federal de Justicia Administrativa,700083.54,36404344.0,0.02,140128.15,7286663.8,0.02
Sonora,Bienestar,322006.86,13846295.0,0.01,153896.63,6617555.2,0.02
Sonora,Tribunales Agrarios,211431.48,23046031.0,0.02,46837.58,5105296.5,0.01
Sonora,Poder Judicial,1123393.0,67403580.0,0.05,82115.05,4926902.8,0.01
Sonora,Trabajo y Previsión Social,125340.75,4512267.0,0.0,93878.87,3379639.3,0.01
Sonora,Economía,266340.67,12784352.0,0.01,68968.93,3310508.4,0.01
Sonora,"Desarrollo Agrario, Territorial y Urbano",67679.01,5955753.0,0.0,35136.62,3092022.3,0.01
Sonora,Comisión Nacional de los Derechos Humanos,677015.76,14217331.0,0.01,93389.62,1961182.1,0.01
Sonora,Hacienda y Crédito Público,126049.17,3025180.0,0.0,9518.3,228439.1,0.0
Sonora,Cultura,529379.0,1588137.0,0.0,0.0,0.0,0.0
Sonora,Mujeres,3899830.5,23398983.0,0.02,0.0,0.0,0.0
Sonora,Salud,2165.86,15161.0,0.0,0.0,0.0,0.0
Sonora,Seguridad y Protección Ciudadana,0.0,0.0,0.0,0.0,0.0,0.0
Sonora,Turismo,5802350.0,11604700.0,0.01,0.0,0.0,0.0
Tabasco,Petróleos Mexicanos,243290100.92,164220818122.0,66.62,40736092.8,27496862638.0,51.99
Tabasco,Participaciones a Entidades Federativas y Municipios,6824500589.0,34122502945.0,13.84,1806235191.8,9031175959.0,17.08
Tabasco,Aportaciones Federales para Entidades Federativas y Municipios,280900452.23,19382131204.0,7.86,79759162.13,5503382186.9,10.41
Tabasco,Instituto Mexicano del Seguro Social,36479456.93,12220618070.0,4.96,8771197.75,2938351247.8,5.56
Tabasco,Servicios de Salud del Instituto Mexicano del Seguro Social para el Bienestar,31407952.63,2544044163.0,1.03,28281447.49,2290797246.5,4.33
Tabasco,Instituto de Seguridad y Servicios Sociales de los Trabajadores del Estado,18356787.26,6681870564.0,2.71,4953770.57,1803172486.0,3.41
Tabasco,Educación Pública,67322396.96,3433442245.0,1.39,35140323.89,1792156518.3,3.39
Tabasco,Comisión Federal de Electricidad,10196325.84,1702786416.0,0.69,4294060.23,717108058.0,1.36
Tabasco,Marina,2597895.99,888480427.0,0.36,1687876.59,577253795.3,1.09
Tabasco,Provisiones Salariales y Económicas,0.0,0.0,0.0,344430291.9,344430291.9,0.65
Tabasco,"Infraestructura, Comunicaciones y Transportes",490930.61,75112383.0,0.03,614855.64,94072913.5,0.18
Tabasco,"Ciencia, Humanidades, Tecnología e Innovación",70931678.5,141863357.0,0.06,37446726.35,74893452.7,0.14
Tabasco,Agricultura y Desarrollo Rural,2806262.68,207663438.0,0.08,686487.52,50800076.4,0.1
Tabasco,Gobernación,0.0,0.0,0.0,1197283.66,43102211.6,0.08
Tabasco,Instituto Nacional Electoral,378314.75,164566917.0,0.07,73067.76,31784477.2,0.06
Tabasco,Medio Ambiente y Recursos Naturales,757065.74,236204511.0,0.1,97438.9,30400937.7,0.06
Tabasco,Información Nacional Estadística y Geográfica,1634434.72,140561386.0,0.06,307979.17,26486208.9,0.05
Tabasco,Poder Judicial,1704992.98,86954642.0,0.04,194480.62,9918511.6,0.02
Tabasco,Fiscalía General de la República,720122.15,44647573.0,0.02,112914.74,7000713.6,0.01
Tabasco,Tribunal Federal de Justicia Administrativa,715249.0,32901454.0,0.01,137693.75,6333912.4,0.01
Tabasco,Bienestar,459127.3,19742474.0,0.01,96944.17,4168599.1,0.01
Tabasco,Trabajo y Previsión Social,85638.71,3254271.0,0.0,107203.23,4073722.9,0.01
Tabasco,Entidades no Sectorizadas,45380.82,1996756.0,0.0,89617.33,3943162.6,0.01
Tabasco,"Desarrollo Agrario, Territorial y Urbano",60752.8,5285494.0,0.0,34154.32,2971425.9,0.01
Tabasco,Tribunales Agrarios,94386.06,10288080.0,0.0,21486.86,2342068.1,0.0
Tabasco,Economía,193113.48,8110766.0,0.0,50311.49,2113082.5,0.0
Tabasco,Comisión Nacional de los Derechos Humanos,547435.14,12043573.0,0.0,75772.87,1667003.1,0.0
Tabasco,Cultura,529379.0,1588137.0,0.0,0.0,0.0,0.0
Tabasco,Defensa Nacional,15348976.0,15348976.0,0.01,0.0,0.0,0.0
Tabasco,Energía,293186.87,24041323.0,0.01,0.0,0.0,0.0
Tabasco,Mujeres,4522299.4,22611497.0,0.01,0.0,0.0,0.0
Tabasco,Salud,5957916.25,47663330.0,0.02,0.0,0.0,0.0
Tabasco,Seguridad y Protección Ciudadana,0.0,0.0,0.0,0.0,0.0,0.0
Tamaulipas,Instituto Mexicano del Seguro Social,116296547.31,46634915470.0,22.75,27923362.77,11197268470.7,22.08
Tamaulipas,Participaciones a Entidades Federativas y Municipios,8600807199.4,43004035997.0,20.98,2235692743.0,11178463715.0,22.04
Tamaulipas,Aportaciones Federales para Entidades Federativas y Municipios,393346682.57,27140921097.0,13.24,126450053.85,8725053715.6,17.2
Tamaulipas,Comisión Federal de Electricidad,163820305.94,45705865356.0,22.29,23790666.38,6637595919.0,13.09
Tamaulipas,Instituto de Seguridad y Servicios Sociales de los Trabajadores del Estado,43002939.59,14879017097.0,7.26,12946058.24,4479336150.0,8.83
Tamaulipas,Petróleos Mexicanos,90484318.07,17825410660.0,8.69,19904159.57,3921119436.0,7.73
Tamaulipas,Educación Pública,72629863.35,3558863304.0,1.74,37239874.79,1824753864.6,3.6
Tamaulipas,Servicios de Salud del Instituto Mexicano del Seguro Social para el Bienestar,18716313.63,2601567594.0,1.27,10622940.68,1476588753.9,2.91
Tamaulipas,Marina,4007234.22,1991595405.0,0.97,1033748.48,513772993.8,1.01
Tamaulipas,Medio Ambiente y Recursos Naturales,1372851.4,422838230.0,0.21,831927.79,256233760.3,0.51
Tamaulipas,Provisiones Salariales y Económicas,0.0,0.0,0.0,178945352.9,178945352.9,0.35
Tamaulipas,"Ciencia, Humanidades, Tecnología e Innovación",104215709.5,208431419.0,0.1,46405581.4,92811162.8,0.18
Tamaulipas,Gobernación,0.0,0.0,0.0,1243446.64,58441992.1,0.12
Tamaulipas,Instituto Nacional Electoral,478403.18,224371091.0,0.11,93293.13,43754478.2,0.09
Tamaulipas,Información Nacional Estadística y Geográfica,2409424.42,219257622.0,0.11,444711.34,40468731.8,0.08
Tamaulipas,Agricultura y Desarrollo Rural,3586590.62,225955209.0,0.11,545470.75,34364657.0,0.07
Tamaulipas,"Infraestructura, Comunicaciones y Transportes",494651.88,74197782.0,0.04,140071.03,21010654.3,0.04
Tamaulipas,Fiscalía General de la República,1740542.77,76583882.0,0.04,262855.09,11565624.1,0.02
Tamaulipas,Tribunal Federal de Justicia Administrativa,665749.18,37281954.0,0.02,130975.74,7334641.3,0.01
Tamaulipas,Poder Judicial,1455705.98,90253771.0,0.04,85249.58,5285473.7,0.01
Tamaulipas,Trabajo y Previsión Social,217887.92,8061853.0,0.0,124447.85,4604570.4,0.01
Tamaulipas,Bienestar,410855.9,16434236.0,0.01,110828.4,4433136.0,0.01
Tamaulipas,"Desarrollo Agrario, Territorial y Urbano",54319.55,4617162.0,0.0,45189.86,3841138.0,0.01
Tamaulipas,Economía,328191.77,15425013.0,0.01,60868.83,2860834.9,0.01
Tamaulipas,Tribunales Agrarios,189744.72,20682174.0,0.01,19209.7,2093857.6,0.0
Tamaulipas,Comisión Nacional de los Derechos Humanos,645801.38,13561829.0,0.01,83070.76,1744486.0,0.0
Tamaulipas,Cultura,529379.0,1588137.0,0.0,0.0,0.0,0.0
Tamaulipas,Mujeres,3927117.2,19635586.0,0.01,0.0,0.0,0.0
Tamaulipas,Salud,15177.3,151773.0,0.0,0.0,0.0,0.0
Tamaulipas,Seguridad y Protección Ciudadana,0.0,0.0,0.0,0.0,0.0,0.0
Tamaulipas,Turismo,271729.0,271729.0,0.0,0.0,0.0,0.0
Tlaxcala,Aportaciones Federales para Entidades Federativas y Municipios,190147643.91,13120187430.0,27.07,55126227.29,3803709683.3,29.19
Tlaxcala,Participaciones a Entidades Federativas y Municipios,2878320353.4,14391601767.0,29.69,747351745.4,3736758727.0,28.68
Tlaxcala,Instituto Mexicano del Seguro Social,26079109.23,9910061506.0,20.45,6192653.62,2353208375.2,18.06
Tlaxcala,Instituto de Seguridad y Servicios Sociales de los Trabajadores del Estado,16555355.68,5579154864.0,11.51,3868495.82,1303683091.0,10.0
Tlaxcala,Educación Pública,30989897.98,1549494899.0,3.2,15330333.67,766516683.6,5.88
Tlaxcala,Servicios de Salud del Instituto Mexicano del Seguro Social para el Bienestar,13374907.89,1003118092.0,2.07,9434999.07,707624930.3,5.43
Tlaxcala,Comisión Federal de Electricidad,1567355.14,130090477.0,0.27,1695483.2,140725106.0,1.08
Tlaxcala,"Ciencia, Humanidades, Tecnología e Innovación",88929698.0,533578188.0,1.1,9295942.53,55775655.2,0.43
Tlaxcala,Agricultura y Desarrollo Rural,2729130.77,130998277.0,0.27,904133.49,43398407.5,0.33
Tlaxcala,Información Nacional Estadística y Geográfica,1480837.68,119947852.0,0.25,273112.91,22122145.6,0.17
Tlaxcala,Medio Ambiente y Recursos Naturales,5610852.89,1610314780.0,3.32,71763.69,20596179.4,0.16
Tlaxcala,Instituto Nacional Electoral,232518.72,96262752.0,0.2,47705.62,19750128.4,0.15
Tlaxcala,Petróleos Mexicanos,3133948.81,84616618.0,0.17,706887.11,19085952.0,0.15
Tlaxcala,"Infraestructura, Comunicaciones y Transportes",522155.33,63180795.0,0.13,113829.85,13773412.0,0.11
Tlaxcala,Fiscalía General de la República,499380.36,30462202.0,0.06,102637.67,6260898.0,0.05
Tlaxcala,Bienestar,391813.65,16847987.0,0.03,115959.56,4986261.0,0.04
Tlaxcala,Poder Judicial,858590.02,48081041.0,0.1,81718.53,4576237.7,0.04
Tlaxcala,"Desarrollo Agrario, Territorial y Urbano",58473.25,5204119.0,0.01,36002.01,3204179.1,0.02
Tlaxcala,Trabajo y Previsión Social,104290.69,3024430.0,0.01,86358.47,2504395.5,0.02
Tlaxcala,Tribunales Agrarios,90558.5,9780318.0,0.02,20019.97,2162156.8,0.02
Tlaxcala,Gobernación,0.0,0.0,0.0,22715.57,499742.6,0.0
Tlaxcala,Economía,188312.96,9415648.0,0.02,3813.3,190664.9,0.0
Tlaxcala,Cultura,397034.25,1588137.0,0.0,0.0,0.0,0.0
Tlaxcala,Mujeres,3880883.67,23285302.0,0.05,0.0,0.0,0.0
Tlaxcala,Salud,1159.83,6959.0,0.0,0.0,0.0,0.0
Tlaxcala,Seguridad y Protección Ciudadana,0.0,0.0,0.0,0.0,0.0,0.0
Veracruz,Participaciones a Entidades Federativas y Municipios,16716445684.8,83582228424.0,20.53,4274857197.2,21374285986.0,20.99
Veracruz,Aportaciones Federales para Entidades Federativas y Municipios,1020720827.42,70429737092.0,17.3,298669714.12,20608210274.2,20.24
Veracruz,Petróleos Mexicanos,184983707.22,74178466596.0,18.22,50094877.08,20088045708.0,19.73
Veracruz,Instituto Mexicano del Seguro Social,144818184.05,68788637426.0,16.9,33386701.25,15858683095.7,15.57
Veracruz,Comisión Federal de Electricidad,114722315.09,54493099670.0,13.39,15628199.13,7423394586.0,7.29
Veracruz,Instituto de Seguridad y Servicios Sociales de los Trabajadores del Estado,48139597.51,20314910150.0,4.99,14826639.87,6256842025.0,6.14
Veracruz,Educación Pública,104417124.82,5220856241.0,1.28,71878768.45,3593938422.6,3.53
Veracruz,Servicios de Salud del Instituto Mexicano del Seguro Social para el Bienestar,51081397.4,3984348997.0,0.98,36587975.81,2853862113.1,2.8
Veracruz,Marina,19906256.78,18214224951.0,4.47,1397125.64,1278369957.0,1.26
Veracruz,Defensa Nacional,46518113.26,3256267928.0,0.8,13904769.89,973333892.4,0.96
Veracruz,Provisiones Salariales y Económicas,0.0,0.0,0.0,426331398.8,426331398.8,0.42
Veracruz,"Ciencia, Humanidades, Tecnología e Innovación",4984331.53,1016803633.0,0.25,1722631.38,351416801.7,0.35
Veracruz,Medio Ambiente y Recursos Naturales,1246383.32,535944828.0,0.13,789913.75,339662912.5,0.33
Veracruz,Agricultura y Desarrollo Rural,5523901.83,425340441.0,0.1,1428426.09,109988809.1,0.11
Veracruz,Instituto Nacional Electoral,882873.02,452030984.0,0.11,174104.29,89141398.5,0.09
Veracruz,Información Nacional Estadística y Geográfica,2425760.02,228021442.0,0.06,458491.36,43098188.3,0.04
Veracruz,Poder Judicial,1955724.54,287491508.0,0.07,220670.76,32438602.2,0.03
Veracruz,Entidades no Sectorizadas,128792.63,7341180.0,0.0,505363.82,28805737.5,0.03
Veracruz,"Infraestructura, Comunicaciones y Transportes",432411.85,74374838.0,0.02,161500.39,27778066.3,0.03
Veracruz,Gobernación,0.0,0.0,0.0,425442.47,17443141.4,0.02
Veracruz,Tribunal Federal de Justicia Administrativa,789774.84,68710411.0,0.02,151549.85,13184837.1,0.01
Veracruz,Fiscalía General de la República,1525032.12,74726574.0,0.02,219636.22,10762174.9,0.01
Veracruz,Trabajo y Previsión Social,270991.0,11652613.0,0.0,164262.3,7063278.7,0.01
Veracruz,Tribunales Agrarios,298079.16,32490628.0,0.01,64202.73,6998097.4,0.01
Veracruz,Bienestar,564788.37,25980265.0,0.01,139422.6,6413439.6,0.01
Veracruz,"Desarrollo Agrario, Territorial y Urbano",69462.2,5904287.0,0.0,64027.64,5442349.6,0.01
Veracruz,Economía,371000.0,15211000.0,0.0,98732.54,4048034.2,0.0
Veracruz,Comisión Nacional de los Derechos Humanos,485245.0,10190145.0,0.0,71996.4,1511924.3,0.0
Veracruz,Hacienda y Crédito Público,128556.2,2571124.0,0.0,4055.36,81107.2,0.0
Veracruz,Salud,87157.11,2353242.0,0.0,545.93,14740.0,0.0
Veracruz,Cultura,529379.0,1588137.0,0.0,0.0,0.0,0.0
Veracruz,Mujeres,3616045.67,21696274.0,0.01,0.0,0.0,0.0
Veracruz,Seguridad y Protección Ciudadana,645143685.0,1290287370.0,0.32,0.0,0.0,0.0
Yucatán,Defensa Nacional,369086981.07,31372393391.0,22.79,110996258.06,9434681935.2,25.29
Yucatán,Instituto Mexicano del Seguro Social,74344544.72,30258229701.0,21.98,17894066.8,7282885187.1,19.52
Yucatán,Participaciones a Entidades Federativas y Municipios,4986086087.8,24930430439.0,18.11,1282670598.8,6413352994.0,17.19
Yucatán,Aportaciones Federales para Entidades Federativas y Municipios,262070400.7,19131139251.0,13.9,76264626.65,5567317745.1,14.92
Yucatán,Comisión Federal de Electricidad,50248592.8,14974080655.0,10.88,9372476.66,2792998045.0,7.49
Yucatán,Instituto de Seguridad y Servicios Sociales de los Trabajadores del Estado,23618079.99,9683412795.0,7.03,6394637.06,2621801195.0,7.03
Yucatán,Educación Pública,70913793.48,3403862087.0,2.47,43201615.19,2073677528.9,5.56
Yucatán,Servicios de Salud del Instituto Mexicano del Seguro Social para el Bienestar,8400169.56,1159223399.0,0.84,3245561.27,447887455.2,1.2
Yucatán,"Ciencia, Humanidades, Tecnología e Innovación",3907874.57,805022162.0,0.58,1067773.27,219961293.9,0.59
Yucatán,Marina,1280400.67,480150250.0,0.35,358561.54,134460578.3,0.36
Yucatán,Petróleos Mexicanos,4951193.97,292120444.0,0.21,1251365.58,73830569.0,0.2
Yucatán,Información Nacional Estadística y Geográfica,2977103.53,261985111.0,0.19,528819.96,46536156.4,0.12
Yucatán,"Infraestructura, Comunicaciones y Transportes",439771.86,64646463.0,0.05,294464.56,43286289.8,0.12
Yucatán,Medio Ambiente y Recursos Naturales,1020299.69,312211706.0,0.23,129352.99,39582014.4,0.11
Yucatán,Agricultura y Desarrollo Rural,2943444.29,185436990.0,0.13,618197.72,38946456.3,0.1
Yucatán,Instituto Nacional Electoral,372637.49,174021708.0,0.13,77803.98,36334460.1,0.1
Yucatán,Entidades no Sectorizadas,81292.83,4389813.0,0.0,178800.09,9655204.7,0.03
Yucatán,Tribunal Federal de Justicia Administrativa,685849.93,37035896.0,0.03,135120.16,7296488.6,0.02
Yucatán,Fiscalía General de la República,639536.0,31976800.0,0.02,105583.92,5279196.2,0.01
Yucatán,Bienestar,500741.79,19528930.0,0.01,127487.33,4972005.7,0.01
Yucatán,Trabajo y Previsión Social,101818.48,3156373.0,0.0,110886.95,3437495.3,0.01
Yucatán,"Desarrollo Agrario, Territorial y Urbano",77731.51,6607178.0,0.0,37118.43,3155066.7,0.01
Yucatán,Poder Judicial,457757.56,27007696.0,0.02,45209.44,2667357.2,0.01
Yucatán,Economía,271215.07,11662248.0,0.01,61687.4,2652558.4,0.01
Yucatán,Tribunales Agrarios,95372.04,10395552.0,0.01,23219.89,2530968.5,0.01
Yucatán,Gobernación,0.0,0.0,0.0,47313.16,1892526.4,0.01
Yucatán,Comisión Nacional de los Derechos Humanos,568388.1,11367762.0,0.01,69653.1,1393061.9,0.0
Yucatán,Hacienda y Crédito Público,113338.14,2380101.0,0.0,1550.52,32561.0,0.0
Yucatán,Cultura,529379.0,1588137.0,0.0,0.0,0.0,0.0
Yucatán,Energía,0.0,0.0,0.0,0.0,0.0,0.0
Yucatán,Mujeres,3764318.0,22585908.0,0.02,0.0,0.0,0.0
Yucatán,Salud,9608.67,115304.0,0.0,0.0,0.0,0.0
Yucatán,Seguridad y Protección Ciudadana,0.0,0.0,0.0,0.0,0.0,0.0
Zacatecas,Aportaciones Federales para Entidades Federativas y Municipios,231261182.65,15957021603.0,24.65,74203321.62,5120029192.1,27.67
Zacatecas,Participaciones a Entidades Federativas y Municipios,3557373784.4,17786868922.0,27.48,927992591.6,4639962958.0,25.07
Zacatecas,Instituto Mexicano del Seguro Social,40359551.27,15578786791.0,24.07,9536601.45,3681128158.9,19.89
Zacatecas,Instituto de Seguridad y Servicios Sociales de los Trabajadores del Estado,22743654.76,7983022821.0,12.33,5546815.64,1946932289.0,10.52
Zacatecas,Educación Pública,60420969.34,2839785559.0,4.39,37089583.25,1743210412.8,9.42
Zacatecas,Servicios de Salud del Instituto Mexicano del Seguro Social para el Bienestar,15042077.5,1263534510.0,1.95,9875108.7,829509131.0,4.48
Zacatecas,Comisión Federal de Electricidad,2174959.03,187046477.0,0.29,2030543.09,174626706.0,0.94
Zacatecas,"Ciencia, Humanidades, Tecnología e Innovación",49471662.0,148414986.0,0.23,37171843.97,111515531.9,0.6
Zacatecas,Agricultura y Desarrollo Rural,2919657.18,245251203.0,0.38,899168.18,75530127.5,0.41
Zacatecas,"Infraestructura, Comunicaciones y Transportes",443881.57,71908815.0,0.11,278810.66,45167326.9,0.24
Zacatecas,Medio Ambiente y Recursos Naturales,7563288.28,2178227024.0,3.36,98654.59,28412521.6,0.15
Zacatecas,Información Nacional Estadística y Geográfica,1722636.65,139533569.0,0.22,318782.85,25821411.2,0.14
Zacatecas,Instituto Nacional Electoral,268674.85,117948260.0,0.18,52100.07,22871929.3,0.12
Zacatecas,Petróleos Mexicanos,3373684.91,74221068.0,0.11,923156.5,20309443.0,0.11
Zacatecas,Gobernación,0.0,0.0,0.0,233704.5,8179657.5,0.04
Zacatecas,Bienestar,522758.98,21433118.0,0.03,193995.83,7953829.0,0.04
Zacatecas,Tribunal Federal de Justicia Administrativa,596578.67,34004984.0,0.05,113533.46,6471407.5,0.03
Zacatecas,Fiscalía General de la República,592632.67,32594797.0,0.05,91816.89,5049929.0,0.03
Zacatecas,Trabajo y Previsión Social,95425.71,3339900.0,0.01,85619.61,2996686.5,0.02
Zacatecas,Tribunales Agrarios,130222.41,14194243.0,0.02,25987.98,2832689.6,0.02
Zacatecas,Poder Judicial,325353.72,18870516.0,0.03,44871.62,2602554.2,0.01
Zacatecas,"Desarrollo Agrario, Territorial y Urbano",20995.86,1826640.0,0.0,25556.06,2223377.4,0.01
Zacatecas,Economía,213266.02,9383705.0,0.01,48477.46,2133008.4,0.01
Zacatecas,Agencia de Transformación Digital y Telecomunicaciones,78822.14,551755.0,0.0,0.0,0.0,0.0
Zacatecas,Cultura,794068.5,1588137.0,0.0,0.0,0.0,0.0
Zacatecas,Mujeres,4003105.67,24018634.0,0.04,0.0,0.0,0.0
Zacatecas,Salud,20610.67,247328.0,0.0,0.0,0.0,0.0
Zacatecas,Seguridad y Protección Ciudadana,0.0,0.0,0.0,0.0,0.0,0.0
